-- phpMyAdmin SQL Dump
-- version 4.8.5
-- https://www.phpmyadmin.net/
--
-- Host: 127.0.0.1:3306
-- Generation Time: Dec 14, 2019 at 05:08 AM
-- Server version: 5.7.26
-- PHP Version: 7.2.18

SET SQL_MODE = "NO_AUTO_VALUE_ON_ZERO";
SET AUTOCOMMIT = 0;
START TRANSACTION;
SET time_zone = "+00:00";


/*!40101 SET @OLD_CHARACTER_SET_CLIENT=@@CHARACTER_SET_CLIENT */;
/*!40101 SET @OLD_CHARACTER_SET_RESULTS=@@CHARACTER_SET_RESULTS */;
/*!40101 SET @OLD_COLLATION_CONNECTION=@@COLLATION_CONNECTION */;
/*!40101 SET NAMES utf8mb4 */;

--
-- Database: `cidemo`
--

-- --------------------------------------------------------

--
-- Table structure for table `tbl_city`
--

DROP TABLE IF EXISTS `tbl_city`;
CREATE TABLE IF NOT EXISTS `tbl_city` (
  `city_id` int(10) NOT NULL AUTO_INCREMENT,
  `country_id` int(10) NOT NULL,
  `state_id` int(10) NOT NULL,
  `city_name` varchar(50) NOT NULL,
  `is_active` tinyint(3) NOT NULL,
  `created_date` datetime NOT NULL,
  `created_by` varchar(50) NOT NULL,
  `created_ip` varchar(50) NOT NULL,
  `create_browser` varchar(50) NOT NULL,
  `modified_date` datetime NOT NULL,
  `modified_by` varchar(50) NOT NULL,
  `modified_ip` varchar(50) NOT NULL,
  `modified_browser` varchar(50) NOT NULL,
  PRIMARY KEY (`city_id`)
) ENGINE=InnoDB AUTO_INCREMENT=17 DEFAULT CHARSET=latin1;

--
-- Dumping data for table `tbl_city`
--

INSERT INTO `tbl_city` (`city_id`, `country_id`, `state_id`, `city_name`, `is_active`, `created_date`, `created_by`, `created_ip`, `create_browser`, `modified_date`, `modified_by`, `modified_ip`, `modified_browser`) VALUES
(2, 3, 4, 'test', 0, '2016-12-22 11:18:55', '1', '192.168.1.254', 'Firefox 50.0', '0000-00-00 00:00:00', '', '', ''),
(3, 5, 5, 'Agra', 1, '2016-12-23 16:33:50', '1', '192.168.1.254', 'Firefox 50.0', '0000-00-00 00:00:00', '', '', ''),
(4, 6, 8, 'testq', 0, '2017-01-06 16:51:27', '1', '192.168.1.254', 'Firefox 50.0', '2017-01-10 13:27:34', '1', '192.168.1.254', 'Firefox 50.0'),
(5, 5, 9, 'New Delhi', 0, '2017-01-17 17:07:29', '1', '192.168.1.254', 'Firefox 50.0', '0000-00-00 00:00:00', '', '', ''),
(6, 10, 11, 'Colombo', 0, '2017-02-07 11:38:53', '1', '192.168.1.254', 'Firefox 50.0', '0000-00-00 00:00:00', '', '', ''),
(7, 3, 6, 'test city', 0, '2017-02-08 16:45:56', '1', '192.168.1.254', 'Firefox 50.0', '0000-00-00 00:00:00', '', '', ''),
(8, 3, 7, 'testtt', 0, '2017-02-08 17:46:12', '1', '192.168.1.254', 'Firefox 50.0', '0000-00-00 00:00:00', '', '', ''),
(9, 3, 4, 'test1', 0, '2017-02-16 15:19:59', '1', '192.168.1.254', 'Firefox 50.0', '0000-00-00 00:00:00', '', '', ''),
(10, 3, 4, 'test', 0, '2017-03-03 13:53:27', '1', '192.168.1.254', 'Firefox 50.0', '0000-00-00 00:00:00', '', '', ''),
(11, 3, 5, 'test1', 0, '2017-03-03 13:53:27', '1', '192.168.1.254', 'Firefox 50.0', '0000-00-00 00:00:00', '', '', ''),
(12, 3, 12, 'test', 1, '2017-03-03 13:55:27', '1', '192.168.1.254', 'Firefox 50.0', '0000-00-00 00:00:00', '', '', ''),
(13, 3, 12, 'test1', 1, '2017-03-03 13:55:27', '1', '192.168.1.254', 'Firefox 50.0', '0000-00-00 00:00:00', '', '', ''),
(14, 10, 15, 'Kandy', 0, '2017-03-23 16:37:18', '1', '192.168.1.254', 'Firefox 50.0', '0000-00-00 00:00:00', '', '', ''),
(15, 10, 11, 'Colombo1', 0, '2017-03-23 18:49:38', '1', '192.168.1.254', 'Firefox 50.0', '0000-00-00 00:00:00', '', '', ''),
(16, 10, 16, 'Moratuwa', 0, '2017-03-26 18:33:54', '1', '192.168.1.254', 'Firefox 50.0', '0000-00-00 00:00:00', '', '', '');

-- --------------------------------------------------------

--
-- Table structure for table `tbl_cms`
--

DROP TABLE IF EXISTS `tbl_cms`;
CREATE TABLE IF NOT EXISTS `tbl_cms` (
  `cmsid` int(11) NOT NULL AUTO_INCREMENT,
  `cmsTitle` varchar(255) DEFAULT NULL,
  `cmsSlug` varchar(255) DEFAULT NULL,
  `cmsShortDesc` longtext NOT NULL,
  `cmsLongDesc` longtext,
  `cmsBanner` varchar(255) NOT NULL,
  `cmsStatus` enum('0','1') DEFAULT NULL,
  `metaTitle` varchar(255) NOT NULL,
  `metaKeyword` varchar(255) NOT NULL,
  `metaDescription` varchar(255) NOT NULL,
  `cmsDateCreated` timestamp NOT NULL DEFAULT CURRENT_TIMESTAMP,
  `cmsDateModified` timestamp NULL DEFAULT NULL,
  PRIMARY KEY (`cmsid`)
) ENGINE=InnoDB DEFAULT CHARSET=latin1;

-- --------------------------------------------------------

--
-- Table structure for table `tbl_contacts`
--

DROP TABLE IF EXISTS `tbl_contacts`;
CREATE TABLE IF NOT EXISTS `tbl_contacts` (
  `id` int(11) NOT NULL AUTO_INCREMENT,
  `name` varchar(255) NOT NULL,
  `email` varchar(255) NOT NULL,
  `phone` varchar(255) NOT NULL,
  `message` varchar(255) NOT NULL,
  `created_date` datetime NOT NULL,
  PRIMARY KEY (`id`)
) ENGINE=InnoDB AUTO_INCREMENT=50 DEFAULT CHARSET=latin1;

--
-- Dumping data for table `tbl_contacts`
--

INSERT INTO `tbl_contacts` (`id`, `name`, `email`, `phone`, `message`, `created_date`) VALUES
(1, 'Jphn', 'naveen@gmail.com', '4234234234', 'test', '2017-07-17 14:31:17'),
(2, 'Homesh', 'homeshr1@gmail.com', '9878377733', 'test on contact page.', '2017-07-17 09:33:45'),
(3, 'test', 'test@gmail.com', '1111111111', 'test', '2017-07-17 09:37:30'),
(4, 'test', 'qc@csipl.net', '9818557336', 'test to purpose', '2017-07-17 12:14:29'),
(5, 'punit test', 'qc@csipl.net', '9818557336', 'test to purpose', '2017-07-17 12:46:16'),
(6, 'puneet test', 'qc@csipl.net', '9818557336', 'test to purpose', '2017-07-18 04:17:04'),
(7, 'puneet test', 'qc@csipl.net', '9818557336', 'test to purpose', '2017-07-18 04:38:09'),
(8, 'test', 'test@gmail.com', '1111111111', 'test', '2017-07-18 12:53:52'),
(9, 'puneet test', 'qc@csipl.net', '9818557336', 'test to purpose', '2017-07-19 03:34:21'),
(10, 'test', 'testmail@gmail.com', '4983095835', 'tset', '2017-07-19 10:37:29'),
(11, 'puneet test', 'qc@csipl.net', '9818557336', 'test to purpose', '2017-07-20 04:25:37'),
(12, 'puneet test', 'qc@csipl.net', '9818557336', 'test to purpose', '2017-07-21 04:21:53'),
(13, 'test', 'test@gmail.com', '9999999999`', 'test', '2017-07-21 05:48:59'),
(14, 'Ahtsham', 'ahtsham.hse15@gmail.com', '966593401682', 'just want to ask visit visa for 90 days is still available for UAE?', '2017-07-28 06:46:08'),
(15, 'Rabeh', 'Rabehsport2009@yahoo.com', '13750952751', 'Hi Iam from iraq I live in china for about 6 year I study in shanghai university I want to apply visa to UAE can you help me .thank you ', '2017-07-30 12:02:20'),
(16, 'Lingatong', 'Lingatong@outlook.com', '1234567899', 'Kindly provide us the document upload link', '2017-07-31 07:52:00'),
(17, 'Riaz ahmadzai ', 'Ahmadzai61@live.com', '07711044053', 'I\'m a British citizen and I wanted to apply for my spouse visa from Dubai so I will need to get a visa for my wife on her afghani passport ', '2017-07-31 15:35:30'),
(18, 'inayat ur rahman', 'qazseb12@gmil.com', '03441896959', 'I\'m drivar plz sir give me viza', '2017-08-03 23:27:48'),
(19, 'test manmeet', 'test@gmail.com', '9999999999`', 'test by manmeet', '2017-08-04 09:30:16'),
(20, 'Sariful islam', 'Mobilerepair216@gmail.com', '966507562651', 'I want visa', '2017-08-06 23:19:39'),
(21, 'anisur', 'anisur_84@yahoo.com', '97470367703', 'viss fee how much ?\r\ni am engineer so i can take viss when i will arrive in dubai. please inform me', '2017-08-07 16:53:57'),
(22, 'test', 'test@gmail.com', '9999999999`', 'test', '2017-08-08 05:52:48'),
(23, 'Siva Ganapathy Subramanian', 'mailtosivam@gmail.com', '07831093137', 'I am Indian holding Indian Passport. I want UAE visa multiple entry for 90 days or more. ', '2017-08-09 16:33:21'),
(24, 'Jane', 'janeblanks@ymail.com', '07944813545', 'Am travelling to Dubai on monday, how quickly can i get a visa', '2017-08-16 11:06:25'),
(25, 'Jane Blankson', 'janeblanks@ymail.com', '07944813545', 'I was in the process of paying for my visa when my laptop went off. one of your colleagues contacted me and send me a link but unfortunately it didn\'t work. should i fill in a new form?', '2017-08-16 14:04:46'),
(26, 'Sulaiman Adebakin', 'windsorade@outlook.com', '07588255559', 'Hello \r\n\r\nI recently obtain a 14 days tourist visa to go to Dubai through a tourist company. I booked my flight to fly down on the 03/09/17 to 11/09/17 but when I received my visa the visa date was issued early from the date from 16/08/2017 to 29/08/17 wh', '2017-08-20 22:59:50'),
(27, 'Paula', 'Paula.oladejo@gmail.com', '07951079083', 'When would my visa be ready?', '2017-08-21 08:37:55'),
(28, 'Narinder Singh arora', 'Ravneetarora213@yahoo.com', '07763212805', 'Message to mark, this is Narinder Singh arora, please let me know about my application as just to know if someone is dealing with it. ', '2017-08-23 16:19:19'),
(29, 'Dagne Kassahun', 'dagnelawyer88@gmail.com', '0922341590', 'i want to apply for dubai visa but every thing is not that much simple so how ican apply by simple way ?\r\n\r\n\r\n\r\n\r\n\r\n', '2017-08-26 10:37:59'),
(30, 'Paul maas', 'Paultjem@yahoo.com', '966569597415', 'Can you process a UAE visa for one person with Yemeni passport', '2017-08-26 14:14:38'),
(31, 'mohamed rifas', 'naveed749@gmail.com', '+94342275749', 'i would like to inform big human traficking going on dubai and abu dahbi, appliying US island ship crew visa forge document getting the visa people who used to do this business they take $100000, each person, they traffic to usa from this ship crew applyi', '2017-08-28 17:32:16'),
(32, 'Ernest Wermuth', 'ernest@wermuth.co.za', '+27825250844', 'I entered the wrong date on my visa application.\r\nI have already payd, please assist me to amend the dates. Application Ref # 275083120171216', '2017-08-31 12:23:29'),
(33, 'Tilottma Mishra', 'tilottma.maydec@gmail.com', '9811138606', 'Need to know about Dubai visa ', '2017-09-02 05:34:15'),
(34, 'Anwar', 'anwarsac@yahoo.co.uk', '447894942574', 'How much is visa for Dubai for 14 days, Please advise. How long will it take to process. I am in the UK', '2017-09-06 13:51:35'),
(35, 'test', 'test@gmail.com', '1111111111', 'test', '2017-09-07 05:39:55'),
(36, 'test', 'test@gmail.com', '9999999999`', 'test', '2017-09-07 07:15:06'),
(37, 'Claire Auld', 'claire.a@somervilles.co.uk', '0289044842', 'We are a UK based company who has been asked to send some employees to UAE to carry out some work for a UAE based company. They will be there for approximately 3 weeks and will not be paid from UAE or work for the UAE company. What type of visa will cover', '2017-09-07 08:43:30'),
(38, 'Avi Mistry', 'avi.mistry@hotmail.com', '+27829004867', 'Urgently require feedback on my mom\'s visa application. Mrs P Mistry (South Africa). ', '2017-09-08 09:07:08'),
(39, 'Marius Roberts', 'marius@mariusroberts.mobi', '+27718724962', 'When I track my application I get NEW in status - what does that mean? I applied for this visa on the 31st August and am landing in Dubai on the 17th September. My reference: 279083120171858', '2017-09-10 22:36:54'),
(40, 'Lerato Shakoane', 'lerato614@gmail.com', '27710800072', 'Good day. I hope this email finds you well. I\'m enquiring on behalf of a soccer club called Femben. The team is suppose to visit Dubai for a tournament from the 3rd until 7th. I just want find out whats the procedure or requirements for getting a group vi', '2017-09-11 11:31:41'),
(41, 'Justin ', 'justin.absil@outlook.com', '+97450571424', 'Hi, I am a South African living in Qatar. My mom is in the UAE and I would like to visit her. I will fly to Oman and from Oman to Dubai. Am I elegible to get a visit visa even though I am residing in Qatar?', '2017-09-11 12:26:36'),
(42, 'ALI', 'ali_alaassam@hotmail.com', '0411 240 018', 'Hi \r\nmy name is Ali i am coming to dubai for a holiday trip on the 14/10/2017 and i have booked the tickets with emirates airline with my wife and daughter.\r\ni and my daughter we hold an Australian passports but my wife she holds an Iraqi passport , how c', '2017-09-11 23:52:51'),
(43, 'Heather Harman', 'harmanheather@gmail.com', '447828901656', 'We URGENTLY need a UAE VISA for a colleague who needs to travel from SUDAN on Saturday, 16th September.  Are you able to assist please?  Thank you!', '2017-09-12 12:12:30'),
(44, 'Heather Harman', 'harmanheather@gmail.com', '447828901656', 'We URGENTLY need a UAE VISA for a colleague who needs to travel from SUDAN on Saturday, 16th September.  Are you able to assist please?  Thank you!', '2017-09-12 12:12:32'),
(45, 'Elton Gjoka', 'tgjoka2003@yahoo.it', '01791610483', 'My Application reference number is 309090720172105\r\nI wanted to know, how far is my visa process? ', '2017-09-13 10:48:33'),
(46, 'Ali Arfan', 'noahsarkcommunitycenter@hotmail.com', '6476256451', 'My application no is316090820171437', '2017-09-15 12:20:58'),
(47, 'Nilofar Asif', 'neelasif@hotmail.com', '6477709084', 'Visa for mother 85+', '2017-09-17 17:18:17'),
(48, 'Marcus Mohr', 'm.o.mohr@gmx.de', '015124204342', 'Hello,\r\nI am Marcus- resident in Germany and German nationality.\r\nMy Girlfriend Rosie is Kenyan Citizen, living in Nairobi/Kenya. \r\nI want to meet her for 14 days to Dubai for holidays. \r\nShe was travelleling several times to Asia with Emirates before,but', '2017-09-18 01:07:56'),
(49, 'Melih Torcuk', 'melih.torcuk@web.de', '491737813289', 'Hello Ladies and Gentlemen,\r\nI made a visa application yesterday. I already paid the visa and on the last page it said the payment was successfull, but I didnt get any receipt or information of the visa. Can you help me in this because I am flying next we', '2017-09-19 07:17:44');

-- --------------------------------------------------------

--
-- Table structure for table `tbl_country`
--

DROP TABLE IF EXISTS `tbl_country`;
CREATE TABLE IF NOT EXISTS `tbl_country` (
  `country_id` int(10) NOT NULL AUTO_INCREMENT,
  `continent_id` tinyint(3) NOT NULL,
  `country_name` varchar(50) NOT NULL,
  `country_key` varchar(50) NOT NULL,
  `country_logo` varchar(50) NOT NULL,
  `is_active` tinyint(3) NOT NULL,
  `created_date` datetime NOT NULL,
  `created_by` varchar(50) NOT NULL,
  `created_ip` varchar(50) NOT NULL,
  `create_browser` varchar(50) NOT NULL,
  `modified_date` datetime NOT NULL,
  `modified_by` varchar(50) NOT NULL,
  `modified_ip` varchar(50) NOT NULL,
  `modified_browser` varchar(50) NOT NULL,
  PRIMARY KEY (`country_id`)
) ENGINE=InnoDB AUTO_INCREMENT=247 DEFAULT CHARSET=latin1;

--
-- Dumping data for table `tbl_country`
--

INSERT INTO `tbl_country` (`country_id`, `continent_id`, `country_name`, `country_key`, `country_logo`, `is_active`, `created_date`, `created_by`, `created_ip`, `create_browser`, `modified_date`, `modified_by`, `modified_ip`, `modified_browser`) VALUES
(1, 0, 'Afghanistan', 'af', '', 1, '2017-05-31 12:26:30', '1', '192.168.1.254', 'Chrome 49.0.2623.112', '2017-06-21 06:01:43', '1', '111.93.42.106', 'Chrome 58.0.3029.110'),
(2, 0, 'Albania', 'al', '149810779820170622.png', 1, '2017-05-31 12:26:30', '1', '192.168.1.254', 'Chrome 49.0.2623.112', '2017-06-22 05:03:18', '1', '111.93.42.106', 'Firefox 47.0'),
(3, 0, 'Algeria', 'dz', '', 1, '2017-05-31 12:26:30', '1', '192.168.1.254', 'Chrome 49.0.2623.112', '2017-06-21 05:49:22', '1', '111.93.42.106', 'Chrome 58.0.3029.110'),
(4, 1, 'American Samoa', 'as', '', 1, '2017-05-31 12:26:30', '1', '192.168.1.254', 'Chrome 49.0.2623.112', '0000-00-00 00:00:00', '', '', ''),
(5, 1, 'Andorra', 'ad', '', 1, '2017-05-31 12:26:30', '1', '192.168.1.254', 'Chrome 49.0.2623.112', '0000-00-00 00:00:00', '', '', ''),
(6, 1, 'Angola', 'ao', '', 1, '2017-05-31 12:26:30', '1', '192.168.1.254', 'Chrome 49.0.2623.112', '0000-00-00 00:00:00', '', '', ''),
(7, 1, 'Anguilla', 'ai', '', 1, '2017-05-31 12:26:30', '1', '192.168.1.254', 'Chrome 49.0.2623.112', '0000-00-00 00:00:00', '', '', ''),
(8, 1, 'Antarctica', 'aq', '', 1, '2017-05-31 12:26:30', '1', '192.168.1.254', 'Chrome 49.0.2623.112', '0000-00-00 00:00:00', '', '', ''),
(9, 1, 'Antigua and Barbuda', 'ag', '', 1, '2017-05-31 12:26:30', '1', '192.168.1.254', 'Chrome 49.0.2623.112', '0000-00-00 00:00:00', '', '', ''),
(10, 1, 'Argentina', 'ar', '', 1, '2017-05-31 12:26:30', '1', '192.168.1.254', 'Chrome 49.0.2623.112', '0000-00-00 00:00:00', '', '', ''),
(11, 1, 'Armenia', 'am', '', 1, '2017-05-31 12:26:30', '1', '192.168.1.254', 'Chrome 49.0.2623.112', '0000-00-00 00:00:00', '', '', ''),
(12, 1, 'Aruba', 'aw', '', 1, '2017-05-31 12:26:30', '1', '192.168.1.254', 'Chrome 49.0.2623.112', '0000-00-00 00:00:00', '', '', ''),
(13, 1, 'Australia', 'au', '', 1, '2017-05-31 12:26:30', '1', '192.168.1.254', 'Chrome 49.0.2623.112', '0000-00-00 00:00:00', '', '', ''),
(14, 1, 'Austria', 'at', '', 1, '2017-05-31 12:26:30', '1', '192.168.1.254', 'Chrome 49.0.2623.112', '0000-00-00 00:00:00', '', '', ''),
(15, 1, 'Azerbaijan', 'az', '', 1, '2017-05-31 12:26:30', '1', '192.168.1.254', 'Chrome 49.0.2623.112', '0000-00-00 00:00:00', '', '', ''),
(16, 1, 'Bahamas', 'bs', '', 1, '2017-05-31 12:26:30', '1', '192.168.1.254', 'Chrome 49.0.2623.112', '0000-00-00 00:00:00', '', '', ''),
(17, 1, 'Bahrain', 'bh', '', 1, '2017-05-31 12:26:30', '1', '192.168.1.254', 'Chrome 49.0.2623.112', '0000-00-00 00:00:00', '', '', ''),
(18, 1, 'Bangladesh', 'bd', '', 1, '2017-05-31 12:26:30', '1', '192.168.1.254', 'Chrome 49.0.2623.112', '0000-00-00 00:00:00', '', '', ''),
(19, 1, 'Barbados', 'bb', '', 1, '2017-05-31 12:26:30', '1', '192.168.1.254', 'Chrome 49.0.2623.112', '0000-00-00 00:00:00', '', '', ''),
(20, 1, 'Belarus', 'by', '', 1, '2017-05-31 12:26:30', '1', '192.168.1.254', 'Chrome 49.0.2623.112', '0000-00-00 00:00:00', '', '', ''),
(21, 1, 'Belgium', 'be', '', 1, '2017-05-31 12:26:30', '1', '192.168.1.254', 'Chrome 49.0.2623.112', '0000-00-00 00:00:00', '', '', ''),
(22, 1, 'Belize', 'bz', '', 1, '2017-05-31 12:26:30', '1', '192.168.1.254', 'Chrome 49.0.2623.112', '0000-00-00 00:00:00', '', '', ''),
(23, 1, 'Benin', 'bj', '', 1, '2017-05-31 12:26:30', '1', '192.168.1.254', 'Chrome 49.0.2623.112', '0000-00-00 00:00:00', '', '', ''),
(24, 1, 'Bermuda', 'bm', '', 1, '2017-05-31 12:26:30', '1', '192.168.1.254', 'Chrome 49.0.2623.112', '0000-00-00 00:00:00', '', '', ''),
(25, 1, 'Bhutan', 'bt', '', 1, '2017-05-31 12:26:30', '1', '192.168.1.254', 'Chrome 49.0.2623.112', '0000-00-00 00:00:00', '', '', ''),
(26, 1, 'Bolivia', 'bo', '', 1, '2017-05-31 12:26:30', '1', '192.168.1.254', 'Chrome 49.0.2623.112', '0000-00-00 00:00:00', '', '', ''),
(27, 1, 'Bosnia-Herzegovina', 'ba', '', 1, '2017-05-31 12:26:30', '1', '192.168.1.254', 'Chrome 49.0.2623.112', '0000-00-00 00:00:00', '', '', ''),
(28, 1, 'Botswana', 'bw', '', 1, '2017-05-31 12:26:30', '1', '192.168.1.254', 'Chrome 49.0.2623.112', '0000-00-00 00:00:00', '', '', ''),
(29, 1, 'Bouvet Island', 'bv', '', 1, '2017-05-31 12:26:30', '1', '192.168.1.254', 'Chrome 49.0.2623.112', '0000-00-00 00:00:00', '', '', ''),
(30, 1, 'Brazil', 'br', '', 1, '2017-05-31 12:26:30', '1', '192.168.1.254', 'Chrome 49.0.2623.112', '0000-00-00 00:00:00', '', '', ''),
(31, 1, 'British Indian Ocean Territory', 'io', '', 1, '2017-05-31 12:26:30', '1', '192.168.1.254', 'Chrome 49.0.2623.112', '0000-00-00 00:00:00', '', '', ''),
(32, 1, 'Brunei Darussalam', 'bn', '', 1, '2017-05-31 12:26:30', '1', '192.168.1.254', 'Chrome 49.0.2623.112', '0000-00-00 00:00:00', '', '', ''),
(33, 1, 'Bulgaria', 'bg', '', 1, '2017-05-31 12:26:30', '1', '192.168.1.254', 'Chrome 49.0.2623.112', '0000-00-00 00:00:00', '', '', ''),
(34, 1, 'Burkina Faso', 'bf', '', 1, '2017-05-31 12:26:30', '1', '192.168.1.254', 'Chrome 49.0.2623.112', '0000-00-00 00:00:00', '', '', ''),
(35, 1, 'Burundi', 'bi', '', 1, '2017-05-31 12:26:30', '1', '192.168.1.254', 'Chrome 49.0.2623.112', '0000-00-00 00:00:00', '', '', ''),
(36, 1, 'Cambodia', 'kh', '', 1, '2017-05-31 12:26:30', '1', '192.168.1.254', 'Chrome 49.0.2623.112', '0000-00-00 00:00:00', '', '', ''),
(37, 1, 'Cameroon', 'cm', '', 1, '2017-05-31 12:26:30', '1', '192.168.1.254', 'Chrome 49.0.2623.112', '0000-00-00 00:00:00', '', '', ''),
(38, 1, 'Canada', 'ca', '', 1, '2017-05-31 12:26:30', '1', '192.168.1.254', 'Chrome 49.0.2623.112', '0000-00-00 00:00:00', '', '', ''),
(39, 1, 'Cape Verde', 'cv', '', 1, '2017-05-31 12:26:30', '1', '192.168.1.254', 'Chrome 49.0.2623.112', '0000-00-00 00:00:00', '', '', ''),
(40, 1, 'Cayman Islands', 'ky', '', 1, '2017-05-31 12:26:30', '1', '192.168.1.254', 'Chrome 49.0.2623.112', '0000-00-00 00:00:00', '', '', ''),
(41, 1, 'Central African Republic', 'cf', '', 1, '2017-05-31 12:26:30', '1', '192.168.1.254', 'Chrome 49.0.2623.112', '0000-00-00 00:00:00', '', '', ''),
(42, 1, 'Chad', 'td', '', 1, '2017-05-31 12:26:30', '1', '192.168.1.254', 'Chrome 49.0.2623.112', '0000-00-00 00:00:00', '', '', ''),
(43, 1, 'Chile', 'cl', '', 1, '2017-05-31 12:26:30', '1', '192.168.1.254', 'Chrome 49.0.2623.112', '0000-00-00 00:00:00', '', '', ''),
(44, 1, 'China', 'cn', '', 1, '2017-05-31 12:26:30', '1', '192.168.1.254', 'Chrome 49.0.2623.112', '0000-00-00 00:00:00', '', '', ''),
(45, 1, 'Christmas Island', 'cx', '', 1, '2017-05-31 12:26:30', '1', '192.168.1.254', 'Chrome 49.0.2623.112', '0000-00-00 00:00:00', '', '', ''),
(46, 1, 'Cocos (Keeling) Islands', 'cc', '', 1, '2017-05-31 12:26:30', '1', '192.168.1.254', 'Chrome 49.0.2623.112', '0000-00-00 00:00:00', '', '', ''),
(47, 1, 'Colombia', 'co', '', 1, '2017-05-31 12:26:30', '1', '192.168.1.254', 'Chrome 49.0.2623.112', '0000-00-00 00:00:00', '', '', ''),
(48, 1, 'Comoros', 'km', '', 1, '2017-05-31 12:26:30', '1', '192.168.1.254', 'Chrome 49.0.2623.112', '0000-00-00 00:00:00', '', '', ''),
(49, 1, 'Congo', 'cg', '', 1, '2017-05-31 12:26:30', '1', '192.168.1.254', 'Chrome 49.0.2623.112', '0000-00-00 00:00:00', '', '', ''),
(50, 1, 'Congo, Dem. Republic', 'cd', '', 1, '2017-05-31 12:26:30', '1', '192.168.1.254', 'Chrome 49.0.2623.112', '0000-00-00 00:00:00', '', '', ''),
(51, 1, 'Cook Islands', 'ck', '', 1, '2017-05-31 12:26:30', '1', '192.168.1.254', 'Chrome 49.0.2623.112', '0000-00-00 00:00:00', '', '', ''),
(52, 1, 'Costa Rica', 'cr', '', 1, '2017-05-31 12:26:30', '1', '192.168.1.254', 'Chrome 49.0.2623.112', '0000-00-00 00:00:00', '', '', ''),
(53, 1, 'Croatia', 'hr', '', 1, '2017-05-31 12:26:30', '1', '192.168.1.254', 'Chrome 49.0.2623.112', '0000-00-00 00:00:00', '', '', ''),
(54, 1, 'Cuba', 'cu', '', 1, '2017-05-31 12:26:30', '1', '192.168.1.254', 'Chrome 49.0.2623.112', '0000-00-00 00:00:00', '', '', ''),
(55, 1, 'Cyprus', 'cy', '', 1, '2017-05-31 12:26:30', '1', '192.168.1.254', 'Chrome 49.0.2623.112', '0000-00-00 00:00:00', '', '', ''),
(56, 1, 'Czech Rep.', 'cz', '', 1, '2017-05-31 12:26:30', '1', '192.168.1.254', 'Chrome 49.0.2623.112', '0000-00-00 00:00:00', '', '', ''),
(57, 1, 'Denmark', 'dk', '', 1, '2017-05-31 12:26:30', '1', '192.168.1.254', 'Chrome 49.0.2623.112', '0000-00-00 00:00:00', '', '', ''),
(58, 1, 'Djibouti', 'dj', '', 1, '2017-05-31 12:26:30', '1', '192.168.1.254', 'Chrome 49.0.2623.112', '0000-00-00 00:00:00', '', '', ''),
(59, 1, 'Dominica', 'dm', '', 1, '2017-05-31 12:26:30', '1', '192.168.1.254', 'Chrome 49.0.2623.112', '0000-00-00 00:00:00', '', '', ''),
(60, 1, 'Dominican Republic', 'do', '', 1, '2017-05-31 12:26:30', '1', '192.168.1.254', 'Chrome 49.0.2623.112', '0000-00-00 00:00:00', '', '', ''),
(61, 1, 'Ecuador', 'ec', '', 1, '2017-05-31 12:26:30', '1', '192.168.1.254', 'Chrome 49.0.2623.112', '0000-00-00 00:00:00', '', '', ''),
(62, 1, 'Egypt', 'eg', '', 1, '2017-05-31 12:26:30', '1', '192.168.1.254', 'Chrome 49.0.2623.112', '0000-00-00 00:00:00', '', '', ''),
(63, 1, 'El Salvador', 'sv', '', 1, '2017-05-31 12:26:30', '1', '192.168.1.254', 'Chrome 49.0.2623.112', '0000-00-00 00:00:00', '', '', ''),
(64, 1, 'Equatorial Guinea', 'gq', '', 1, '2017-05-31 12:26:30', '1', '192.168.1.254', 'Chrome 49.0.2623.112', '0000-00-00 00:00:00', '', '', ''),
(65, 1, 'Eritrea', 'er', '', 1, '2017-05-31 12:26:30', '1', '192.168.1.254', 'Chrome 49.0.2623.112', '0000-00-00 00:00:00', '', '', ''),
(66, 1, 'Estonia', 'ee', '', 1, '2017-05-31 12:26:30', '1', '192.168.1.254', 'Chrome 49.0.2623.112', '0000-00-00 00:00:00', '', '', ''),
(67, 1, 'Ethiopia', 'et', '', 1, '2017-05-31 12:26:30', '1', '192.168.1.254', 'Chrome 49.0.2623.112', '0000-00-00 00:00:00', '', '', ''),
(68, 1, 'European Union', 'eu.int', '', 1, '2017-05-31 12:26:30', '1', '192.168.1.254', 'Chrome 49.0.2623.112', '0000-00-00 00:00:00', '', '', ''),
(69, 1, 'Falkland Islands (Malvinas)', 'fk', '', 1, '2017-05-31 12:26:30', '1', '192.168.1.254', 'Chrome 49.0.2623.112', '0000-00-00 00:00:00', '', '', ''),
(70, 1, 'Faroe Islands', 'fo', '', 1, '2017-05-31 12:26:30', '1', '192.168.1.254', 'Chrome 49.0.2623.112', '0000-00-00 00:00:00', '', '', ''),
(71, 1, 'Fiji', 'fj', '', 1, '2017-05-31 12:26:30', '1', '192.168.1.254', 'Chrome 49.0.2623.112', '0000-00-00 00:00:00', '', '', ''),
(72, 1, 'Finland', 'fi', '', 1, '2017-05-31 12:26:30', '1', '192.168.1.254', 'Chrome 49.0.2623.112', '0000-00-00 00:00:00', '', '', ''),
(73, 1, 'France', 'fr', '', 1, '2017-05-31 12:26:30', '1', '192.168.1.254', 'Chrome 49.0.2623.112', '0000-00-00 00:00:00', '', '', ''),
(74, 1, 'French Guiana', 'gf', '', 1, '2017-05-31 12:26:30', '1', '192.168.1.254', 'Chrome 49.0.2623.112', '0000-00-00 00:00:00', '', '', ''),
(75, 1, 'French Southern Territories', 'tf', '', 1, '2017-05-31 12:26:30', '1', '192.168.1.254', 'Chrome 49.0.2623.112', '0000-00-00 00:00:00', '', '', ''),
(76, 1, 'Gabon', 'ga', '', 1, '2017-05-31 12:26:30', '1', '192.168.1.254', 'Chrome 49.0.2623.112', '0000-00-00 00:00:00', '', '', ''),
(77, 1, 'Gambia', 'gm', '', 1, '2017-05-31 12:26:30', '1', '192.168.1.254', 'Chrome 49.0.2623.112', '0000-00-00 00:00:00', '', '', ''),
(78, 1, 'Georgia', 'ge', '', 1, '2017-05-31 12:26:30', '1', '192.168.1.254', 'Chrome 49.0.2623.112', '0000-00-00 00:00:00', '', '', ''),
(79, 1, 'Germany', 'de', '', 1, '2017-05-31 12:26:30', '1', '192.168.1.254', 'Chrome 49.0.2623.112', '0000-00-00 00:00:00', '', '', ''),
(80, 1, 'Ghana', 'gh', '', 1, '2017-05-31 12:26:30', '1', '192.168.1.254', 'Chrome 49.0.2623.112', '0000-00-00 00:00:00', '', '', ''),
(81, 1, 'Gibraltar', 'gi', '', 1, '2017-05-31 12:26:30', '1', '192.168.1.254', 'Chrome 49.0.2623.112', '0000-00-00 00:00:00', '', '', ''),
(82, 1, 'Great Britain', 'gb', '', 1, '2017-05-31 12:26:30', '1', '192.168.1.254', 'Chrome 49.0.2623.112', '0000-00-00 00:00:00', '', '', ''),
(83, 1, 'Greece', 'gr', '', 1, '2017-05-31 12:26:30', '1', '192.168.1.254', 'Chrome 49.0.2623.112', '0000-00-00 00:00:00', '', '', ''),
(84, 1, 'Greenland', 'gl', '', 1, '2017-05-31 12:26:30', '1', '192.168.1.254', 'Chrome 49.0.2623.112', '0000-00-00 00:00:00', '', '', ''),
(85, 1, 'Grenada', 'gd', '', 1, '2017-05-31 12:26:30', '1', '192.168.1.254', 'Chrome 49.0.2623.112', '0000-00-00 00:00:00', '', '', ''),
(86, 1, 'Guadeloupe (French)', 'gp', '', 1, '2017-05-31 12:26:30', '1', '192.168.1.254', 'Chrome 49.0.2623.112', '0000-00-00 00:00:00', '', '', ''),
(87, 1, 'Guam (USA)', 'gu', '', 1, '2017-05-31 12:26:30', '1', '192.168.1.254', 'Chrome 49.0.2623.112', '0000-00-00 00:00:00', '', '', ''),
(88, 1, 'Guatemala', 'gt', '', 1, '2017-05-31 12:26:30', '1', '192.168.1.254', 'Chrome 49.0.2623.112', '0000-00-00 00:00:00', '', '', ''),
(89, 1, 'Guernsey', 'gg', '', 1, '2017-05-31 12:26:30', '1', '192.168.1.254', 'Chrome 49.0.2623.112', '0000-00-00 00:00:00', '', '', ''),
(90, 1, 'Guinea', 'gn', '', 1, '2017-05-31 12:26:30', '1', '192.168.1.254', 'Chrome 49.0.2623.112', '0000-00-00 00:00:00', '', '', ''),
(91, 1, 'Guinea Bissau', 'gw', '', 1, '2017-05-31 12:26:30', '1', '192.168.1.254', 'Chrome 49.0.2623.112', '0000-00-00 00:00:00', '', '', ''),
(92, 1, 'Guyana', 'gy', '', 1, '2017-05-31 12:26:30', '1', '192.168.1.254', 'Chrome 49.0.2623.112', '0000-00-00 00:00:00', '', '', ''),
(93, 1, 'Haiti', 'ht', '', 1, '2017-05-31 12:26:30', '1', '192.168.1.254', 'Chrome 49.0.2623.112', '0000-00-00 00:00:00', '', '', ''),
(94, 1, 'Heard Island and McDonald Islands', 'hm', '', 1, '2017-05-31 12:26:30', '1', '192.168.1.254', 'Chrome 49.0.2623.112', '0000-00-00 00:00:00', '', '', ''),
(95, 1, 'Honduras', 'hn', '', 1, '2017-05-31 12:26:30', '1', '192.168.1.254', 'Chrome 49.0.2623.112', '0000-00-00 00:00:00', '', '', ''),
(96, 1, 'Hong Kong', 'hk', '', 1, '2017-05-31 12:26:30', '1', '192.168.1.254', 'Chrome 49.0.2623.112', '0000-00-00 00:00:00', '', '', ''),
(97, 1, 'Hungary', 'hu', '', 1, '2017-05-31 12:26:30', '1', '192.168.1.254', 'Chrome 49.0.2623.112', '0000-00-00 00:00:00', '', '', ''),
(98, 1, 'Iceland', 'is', '', 1, '2017-05-31 12:26:30', '1', '192.168.1.254', 'Chrome 49.0.2623.112', '0000-00-00 00:00:00', '', '', ''),
(99, 1, 'India', 'in', '', 1, '2017-05-31 12:26:30', '1', '192.168.1.254', 'Chrome 49.0.2623.112', '0000-00-00 00:00:00', '', '', ''),
(100, 1, 'Indonesia', 'id', '', 1, '2017-05-31 12:26:30', '1', '192.168.1.254', 'Chrome 49.0.2623.112', '0000-00-00 00:00:00', '', '', ''),
(101, 1, 'International', 'int', '', 1, '2017-05-31 12:26:30', '1', '192.168.1.254', 'Chrome 49.0.2623.112', '0000-00-00 00:00:00', '', '', ''),
(102, 1, 'Iran', 'ir', '', 1, '2017-05-31 12:26:30', '1', '192.168.1.254', 'Chrome 49.0.2623.112', '0000-00-00 00:00:00', '', '', ''),
(103, 1, 'Iraq', 'iq', '', 1, '2017-05-31 12:26:30', '1', '192.168.1.254', 'Chrome 49.0.2623.112', '0000-00-00 00:00:00', '', '', ''),
(104, 1, 'Ireland', 'ie', '', 1, '2017-05-31 12:26:30', '1', '192.168.1.254', 'Chrome 49.0.2623.112', '0000-00-00 00:00:00', '', '', ''),
(105, 1, 'Isle of Man', 'im', '', 1, '2017-05-31 12:26:30', '1', '192.168.1.254', 'Chrome 49.0.2623.112', '0000-00-00 00:00:00', '', '', ''),
(106, 1, 'Israel', 'il', '', 1, '2017-05-31 12:26:30', '1', '192.168.1.254', 'Chrome 49.0.2623.112', '0000-00-00 00:00:00', '', '', ''),
(107, 1, 'Italy', 'it', '', 1, '2017-05-31 12:26:30', '1', '192.168.1.254', 'Chrome 49.0.2623.112', '0000-00-00 00:00:00', '', '', ''),
(108, 1, 'Ivory Coast', 'ci', '', 1, '2017-05-31 12:26:30', '1', '192.168.1.254', 'Chrome 49.0.2623.112', '0000-00-00 00:00:00', '', '', ''),
(109, 1, 'Jamaica', 'jm', '', 1, '2017-05-31 12:26:30', '1', '192.168.1.254', 'Chrome 49.0.2623.112', '0000-00-00 00:00:00', '', '', ''),
(110, 1, 'Japan', 'jp', '', 1, '2017-05-31 12:26:30', '1', '192.168.1.254', 'Chrome 49.0.2623.112', '0000-00-00 00:00:00', '', '', ''),
(111, 1, 'Jersey', 'je', '', 1, '2017-05-31 12:26:30', '1', '192.168.1.254', 'Chrome 49.0.2623.112', '0000-00-00 00:00:00', '', '', ''),
(112, 1, 'Jordan', 'jo', '', 1, '2017-05-31 12:26:30', '1', '192.168.1.254', 'Chrome 49.0.2623.112', '0000-00-00 00:00:00', '', '', ''),
(113, 1, 'Kazakhstan', 'kz', '', 1, '2017-05-31 12:26:30', '1', '192.168.1.254', 'Chrome 49.0.2623.112', '0000-00-00 00:00:00', '', '', ''),
(114, 1, 'Kenya', 'ke', '', 1, '2017-05-31 12:26:30', '1', '192.168.1.254', 'Chrome 49.0.2623.112', '0000-00-00 00:00:00', '', '', ''),
(115, 1, 'Kiribati', 'ki', '', 1, '2017-05-31 12:26:30', '1', '192.168.1.254', 'Chrome 49.0.2623.112', '0000-00-00 00:00:00', '', '', ''),
(116, 1, 'Korea-North', 'kp', '', 1, '2017-05-31 12:26:30', '1', '192.168.1.254', 'Chrome 49.0.2623.112', '0000-00-00 00:00:00', '', '', ''),
(117, 1, 'Korea-South', 'kr', '', 1, '2017-05-31 12:26:30', '1', '192.168.1.254', 'Chrome 49.0.2623.112', '0000-00-00 00:00:00', '', '', ''),
(118, 1, 'Kuwait', 'kw', '', 1, '2017-05-31 12:26:30', '1', '192.168.1.254', 'Chrome 49.0.2623.112', '0000-00-00 00:00:00', '', '', ''),
(119, 1, 'Kyrgyzstan', 'kg', '', 1, '2017-05-31 12:26:30', '1', '192.168.1.254', 'Chrome 49.0.2623.112', '0000-00-00 00:00:00', '', '', ''),
(120, 1, 'Laos', 'la', '', 1, '2017-05-31 12:26:30', '1', '192.168.1.254', 'Chrome 49.0.2623.112', '0000-00-00 00:00:00', '', '', ''),
(121, 1, 'Latvia', 'lv', '', 1, '2017-05-31 12:26:30', '1', '192.168.1.254', 'Chrome 49.0.2623.112', '0000-00-00 00:00:00', '', '', ''),
(122, 1, 'Lebanon', 'lb', '', 1, '2017-05-31 12:26:30', '1', '192.168.1.254', 'Chrome 49.0.2623.112', '0000-00-00 00:00:00', '', '', ''),
(123, 1, 'Lesotho', 'ls', '', 1, '2017-05-31 12:26:30', '1', '192.168.1.254', 'Chrome 49.0.2623.112', '0000-00-00 00:00:00', '', '', ''),
(124, 1, 'Liberia', 'lr', '', 1, '2017-05-31 12:26:30', '1', '192.168.1.254', 'Chrome 49.0.2623.112', '0000-00-00 00:00:00', '', '', ''),
(125, 1, 'Libya', 'ly', '', 1, '2017-05-31 12:26:30', '1', '192.168.1.254', 'Chrome 49.0.2623.112', '0000-00-00 00:00:00', '', '', ''),
(126, 1, 'Liechtenstein', 'li', '', 1, '2017-05-31 12:26:30', '1', '192.168.1.254', 'Chrome 49.0.2623.112', '0000-00-00 00:00:00', '', '', ''),
(127, 1, 'Lithuania', 'lt', '', 1, '2017-05-31 12:26:30', '1', '192.168.1.254', 'Chrome 49.0.2623.112', '0000-00-00 00:00:00', '', '', ''),
(128, 1, 'Luxembourg', 'lu', '', 1, '2017-05-31 12:26:30', '1', '192.168.1.254', 'Chrome 49.0.2623.112', '0000-00-00 00:00:00', '', '', ''),
(129, 1, 'Macau', 'mo', '', 1, '2017-05-31 12:26:30', '1', '192.168.1.254', 'Chrome 49.0.2623.112', '0000-00-00 00:00:00', '', '', ''),
(130, 1, 'Macedonia', 'mk', '', 1, '2017-05-31 12:26:30', '1', '192.168.1.254', 'Chrome 49.0.2623.112', '0000-00-00 00:00:00', '', '', ''),
(131, 1, 'Madagascar', 'mg', '', 1, '2017-05-31 12:26:30', '1', '192.168.1.254', 'Chrome 49.0.2623.112', '0000-00-00 00:00:00', '', '', ''),
(132, 1, 'Malawi', 'mw', '', 1, '2017-05-31 12:26:30', '1', '192.168.1.254', 'Chrome 49.0.2623.112', '0000-00-00 00:00:00', '', '', ''),
(133, 1, 'Malaysia', 'my', '', 1, '2017-05-31 12:26:30', '1', '192.168.1.254', 'Chrome 49.0.2623.112', '0000-00-00 00:00:00', '', '', ''),
(134, 1, 'Maldives', 'mv', '', 1, '2017-05-31 12:26:30', '1', '192.168.1.254', 'Chrome 49.0.2623.112', '0000-00-00 00:00:00', '', '', ''),
(135, 1, 'Mali', 'ml', '', 1, '2017-05-31 12:26:30', '1', '192.168.1.254', 'Chrome 49.0.2623.112', '0000-00-00 00:00:00', '', '', ''),
(136, 1, 'Malta', 'mt', '', 1, '2017-05-31 12:26:30', '1', '192.168.1.254', 'Chrome 49.0.2623.112', '0000-00-00 00:00:00', '', '', ''),
(137, 1, 'Marshall Islands', 'mh', '', 1, '2017-05-31 12:26:30', '1', '192.168.1.254', 'Chrome 49.0.2623.112', '0000-00-00 00:00:00', '', '', ''),
(138, 1, 'Martinique (French)', 'mq', '', 1, '2017-05-31 12:26:30', '1', '192.168.1.254', 'Chrome 49.0.2623.112', '0000-00-00 00:00:00', '', '', ''),
(139, 1, 'Mauritania', 'mr', '', 1, '2017-05-31 12:26:30', '1', '192.168.1.254', 'Chrome 49.0.2623.112', '0000-00-00 00:00:00', '', '', ''),
(140, 1, 'Mauritius', 'mu', '', 1, '2017-05-31 12:26:30', '1', '192.168.1.254', 'Chrome 49.0.2623.112', '0000-00-00 00:00:00', '', '', ''),
(141, 1, 'Mayotte', 'yt', '', 1, '2017-05-31 12:26:30', '1', '192.168.1.254', 'Chrome 49.0.2623.112', '0000-00-00 00:00:00', '', '', ''),
(142, 1, 'Mexico', 'mx', '', 1, '2017-05-31 12:26:30', '1', '192.168.1.254', 'Chrome 49.0.2623.112', '0000-00-00 00:00:00', '', '', ''),
(143, 1, 'Micronesia', 'fm', '', 1, '2017-05-31 12:26:30', '1', '192.168.1.254', 'Chrome 49.0.2623.112', '0000-00-00 00:00:00', '', '', ''),
(144, 1, 'Moldova', 'md', '', 1, '2017-05-31 12:26:30', '1', '192.168.1.254', 'Chrome 49.0.2623.112', '0000-00-00 00:00:00', '', '', ''),
(145, 1, 'Monaco', 'mc', '', 1, '2017-05-31 12:26:30', '1', '192.168.1.254', 'Chrome 49.0.2623.112', '0000-00-00 00:00:00', '', '', ''),
(146, 1, 'Mongolia', 'mn', '', 1, '2017-05-31 12:26:30', '1', '192.168.1.254', 'Chrome 49.0.2623.112', '0000-00-00 00:00:00', '', '', ''),
(147, 1, 'Montenegro', 'me', '', 1, '2017-05-31 12:26:30', '1', '192.168.1.254', 'Chrome 49.0.2623.112', '0000-00-00 00:00:00', '', '', ''),
(148, 1, 'Montserrat', 'ms', '', 1, '2017-05-31 12:26:30', '1', '192.168.1.254', 'Chrome 49.0.2623.112', '0000-00-00 00:00:00', '', '', ''),
(149, 1, 'Morocco', 'ma', '', 1, '2017-05-31 12:26:30', '1', '192.168.1.254', 'Chrome 49.0.2623.112', '0000-00-00 00:00:00', '', '', ''),
(150, 1, 'Mozambique', 'mz', '', 1, '2017-05-31 12:26:30', '1', '192.168.1.254', 'Chrome 49.0.2623.112', '0000-00-00 00:00:00', '', '', ''),
(151, 1, 'Myanmar', 'mm', '', 1, '2017-05-31 12:26:30', '1', '192.168.1.254', 'Chrome 49.0.2623.112', '0000-00-00 00:00:00', '', '', ''),
(152, 1, 'Namibia', 'na', '', 1, '2017-05-31 12:26:30', '1', '192.168.1.254', 'Chrome 49.0.2623.112', '0000-00-00 00:00:00', '', '', ''),
(153, 1, 'Nauru', 'nr', '', 1, '2017-05-31 12:26:30', '1', '192.168.1.254', 'Chrome 49.0.2623.112', '0000-00-00 00:00:00', '', '', ''),
(154, 1, 'Nepal', 'np', '', 1, '2017-05-31 12:26:30', '1', '192.168.1.254', 'Chrome 49.0.2623.112', '0000-00-00 00:00:00', '', '', ''),
(155, 1, 'Netherlands', 'nl', '', 1, '2017-05-31 12:26:30', '1', '192.168.1.254', 'Chrome 49.0.2623.112', '0000-00-00 00:00:00', '', '', ''),
(156, 1, 'Netherlands Antilles', 'an', '', 1, '2017-05-31 12:26:30', '1', '192.168.1.254', 'Chrome 49.0.2623.112', '0000-00-00 00:00:00', '', '', ''),
(157, 1, 'New Caledonia (French)', 'nc', '', 1, '2017-05-31 12:26:30', '1', '192.168.1.254', 'Chrome 49.0.2623.112', '0000-00-00 00:00:00', '', '', ''),
(158, 1, 'New Zealand', 'nz', '', 1, '2017-05-31 12:26:30', '1', '192.168.1.254', 'Chrome 49.0.2623.112', '0000-00-00 00:00:00', '', '', ''),
(159, 1, 'Nicaragua', 'ni', '', 1, '2017-05-31 12:26:30', '1', '192.168.1.254', 'Chrome 49.0.2623.112', '0000-00-00 00:00:00', '', '', ''),
(160, 1, 'Niger', 'ne', '', 1, '2017-05-31 12:26:30', '1', '192.168.1.254', 'Chrome 49.0.2623.112', '0000-00-00 00:00:00', '', '', ''),
(161, 1, 'Nigeria', 'ng', '', 1, '2017-05-31 12:26:30', '1', '192.168.1.254', 'Chrome 49.0.2623.112', '0000-00-00 00:00:00', '', '', ''),
(162, 1, 'Niue', 'nu', '', 1, '2017-05-31 12:26:30', '1', '192.168.1.254', 'Chrome 49.0.2623.112', '0000-00-00 00:00:00', '', '', ''),
(163, 1, 'Norfolk Island', 'nf', '', 1, '2017-05-31 12:26:30', '1', '192.168.1.254', 'Chrome 49.0.2623.112', '0000-00-00 00:00:00', '', '', ''),
(164, 1, 'Northern Mariana Islands', 'mp', '', 1, '2017-05-31 12:26:30', '1', '192.168.1.254', 'Chrome 49.0.2623.112', '0000-00-00 00:00:00', '', '', ''),
(165, 1, 'Norway', 'no', '', 1, '2017-05-31 12:26:30', '1', '192.168.1.254', 'Chrome 49.0.2623.112', '0000-00-00 00:00:00', '', '', ''),
(166, 1, 'Oman', 'om', '', 1, '2017-05-31 12:26:30', '1', '192.168.1.254', 'Chrome 49.0.2623.112', '0000-00-00 00:00:00', '', '', ''),
(167, 1, 'Pakistan', 'pk', '', 1, '2017-05-31 12:26:30', '1', '192.168.1.254', 'Chrome 49.0.2623.112', '0000-00-00 00:00:00', '', '', ''),
(168, 1, 'Palau', 'pw', '', 1, '2017-05-31 12:26:30', '1', '192.168.1.254', 'Chrome 49.0.2623.112', '0000-00-00 00:00:00', '', '', ''),
(169, 1, 'Panama', 'pa', '', 1, '2017-05-31 12:26:30', '1', '192.168.1.254', 'Chrome 49.0.2623.112', '0000-00-00 00:00:00', '', '', ''),
(170, 1, 'Papua New Guinea', 'pg', '', 1, '2017-05-31 12:26:30', '1', '192.168.1.254', 'Chrome 49.0.2623.112', '0000-00-00 00:00:00', '', '', ''),
(171, 1, 'Paraguay', 'py', '', 1, '2017-05-31 12:26:30', '1', '192.168.1.254', 'Chrome 49.0.2623.112', '0000-00-00 00:00:00', '', '', ''),
(172, 1, 'Peru', 'pe', '', 1, '2017-05-31 12:26:30', '1', '192.168.1.254', 'Chrome 49.0.2623.112', '0000-00-00 00:00:00', '', '', ''),
(173, 1, 'Philippines', 'ph', '', 1, '2017-05-31 12:26:30', '1', '192.168.1.254', 'Chrome 49.0.2623.112', '0000-00-00 00:00:00', '', '', ''),
(174, 1, 'Pitcairn Island', 'pn', '', 1, '2017-05-31 12:26:30', '1', '192.168.1.254', 'Chrome 49.0.2623.112', '0000-00-00 00:00:00', '', '', ''),
(175, 1, 'Poland', 'pl', '', 1, '2017-05-31 12:26:30', '1', '192.168.1.254', 'Chrome 49.0.2623.112', '0000-00-00 00:00:00', '', '', ''),
(176, 1, 'Polynesia (French)', 'pf', '', 1, '2017-05-31 12:26:30', '1', '192.168.1.254', 'Chrome 49.0.2623.112', '0000-00-00 00:00:00', '', '', ''),
(177, 1, 'Portugal', 'pt', '', 1, '2017-05-31 12:26:30', '1', '192.168.1.254', 'Chrome 49.0.2623.112', '0000-00-00 00:00:00', '', '', ''),
(178, 1, 'Puerto Rico', 'pr', '', 1, '2017-05-31 12:26:30', '1', '192.168.1.254', 'Chrome 49.0.2623.112', '0000-00-00 00:00:00', '', '', ''),
(179, 1, 'Qatar', 'qa', '', 1, '2017-05-31 12:26:30', '1', '192.168.1.254', 'Chrome 49.0.2623.112', '0000-00-00 00:00:00', '', '', ''),
(180, 1, 'Reunion (French)', 're', '', 1, '2017-05-31 12:26:30', '1', '192.168.1.254', 'Chrome 49.0.2623.112', '0000-00-00 00:00:00', '', '', ''),
(181, 1, 'Romania', 'ro', '', 1, '2017-05-31 12:26:30', '1', '192.168.1.254', 'Chrome 49.0.2623.112', '0000-00-00 00:00:00', '', '', ''),
(182, 1, 'Russia', 'ru', '', 1, '2017-05-31 12:26:30', '1', '192.168.1.254', 'Chrome 49.0.2623.112', '0000-00-00 00:00:00', '', '', ''),
(183, 1, 'Rwanda', 'rw', '', 1, '2017-05-31 12:26:30', '1', '192.168.1.254', 'Chrome 49.0.2623.112', '0000-00-00 00:00:00', '', '', ''),
(184, 1, 'Saint Helena', 'sh', '', 1, '2017-05-31 12:26:30', '1', '192.168.1.254', 'Chrome 49.0.2623.112', '0000-00-00 00:00:00', '', '', ''),
(185, 1, 'Saint Kitts & Nevis Anguilla', 'kn', '', 1, '2017-05-31 12:26:30', '1', '192.168.1.254', 'Chrome 49.0.2623.112', '0000-00-00 00:00:00', '', '', ''),
(186, 1, 'Saint Lucia', 'lc', '', 1, '2017-05-31 12:26:30', '1', '192.168.1.254', 'Chrome 49.0.2623.112', '0000-00-00 00:00:00', '', '', ''),
(187, 1, 'Saint Pierre and Miquelon', 'pm', '', 1, '2017-05-31 12:26:30', '1', '192.168.1.254', 'Chrome 49.0.2623.112', '0000-00-00 00:00:00', '', '', ''),
(188, 1, 'Saint Vincent & Grenadines', 'vc', '', 1, '2017-05-31 12:26:30', '1', '192.168.1.254', 'Chrome 49.0.2623.112', '0000-00-00 00:00:00', '', '', ''),
(189, 1, 'Samoa', 'ws', '', 1, '2017-05-31 12:26:30', '1', '192.168.1.254', 'Chrome 49.0.2623.112', '0000-00-00 00:00:00', '', '', ''),
(190, 1, 'San Marino', 'sm', '', 1, '2017-05-31 12:26:30', '1', '192.168.1.254', 'Chrome 49.0.2623.112', '0000-00-00 00:00:00', '', '', ''),
(191, 1, 'Sao Tome and Principe', 'st', '', 1, '2017-05-31 12:26:30', '1', '192.168.1.254', 'Chrome 49.0.2623.112', '0000-00-00 00:00:00', '', '', ''),
(192, 1, 'Saudi Arabia', 'sa', '', 1, '2017-05-31 12:26:30', '1', '192.168.1.254', 'Chrome 49.0.2623.112', '0000-00-00 00:00:00', '', '', ''),
(193, 1, 'Senegal', 'sn', '', 1, '2017-05-31 12:26:30', '1', '192.168.1.254', 'Chrome 49.0.2623.112', '0000-00-00 00:00:00', '', '', ''),
(194, 1, 'Serbia', 'rs', '', 1, '2017-05-31 12:26:30', '1', '192.168.1.254', 'Chrome 49.0.2623.112', '0000-00-00 00:00:00', '', '', ''),
(195, 1, 'Seychelles', 'sc', '', 1, '2017-05-31 12:26:30', '1', '192.168.1.254', 'Chrome 49.0.2623.112', '0000-00-00 00:00:00', '', '', ''),
(196, 1, 'Sierra Leone', 'sl', '', 1, '2017-05-31 12:26:30', '1', '192.168.1.254', 'Chrome 49.0.2623.112', '0000-00-00 00:00:00', '', '', ''),
(197, 1, 'Singapore', 'sg', '', 1, '2017-05-31 12:26:30', '1', '192.168.1.254', 'Chrome 49.0.2623.112', '0000-00-00 00:00:00', '', '', ''),
(198, 1, 'Slovakia', 'sk', '', 1, '2017-05-31 12:26:30', '1', '192.168.1.254', 'Chrome 49.0.2623.112', '0000-00-00 00:00:00', '', '', ''),
(199, 1, 'Slovenia', 'si', '', 1, '2017-05-31 12:26:30', '1', '192.168.1.254', 'Chrome 49.0.2623.112', '0000-00-00 00:00:00', '', '', ''),
(200, 1, 'Solomon Islands', 'sb', '', 1, '2017-05-31 12:26:30', '1', '192.168.1.254', 'Chrome 49.0.2623.112', '0000-00-00 00:00:00', '', '', ''),
(201, 1, 'Somalia', 'so', '', 1, '2017-05-31 12:26:30', '1', '192.168.1.254', 'Chrome 49.0.2623.112', '0000-00-00 00:00:00', '', '', ''),
(202, 1, 'South Africa', 'za', '', 1, '2017-05-31 12:26:30', '1', '192.168.1.254', 'Chrome 49.0.2623.112', '0000-00-00 00:00:00', '', '', ''),
(203, 1, 'South Georgia & South Sandwich Islands', 'gs', '', 1, '2017-05-31 12:26:30', '1', '192.168.1.254', 'Chrome 49.0.2623.112', '0000-00-00 00:00:00', '', '', ''),
(204, 1, 'South Sudan', 'ss', '', 1, '2017-05-31 12:26:30', '1', '192.168.1.254', 'Chrome 49.0.2623.112', '0000-00-00 00:00:00', '', '', ''),
(205, 1, 'Spain', 'es', '', 1, '2017-05-31 12:26:30', '1', '192.168.1.254', 'Chrome 49.0.2623.112', '0000-00-00 00:00:00', '', '', ''),
(206, 1, 'Sri Lanka', 'lk', '', 1, '2017-05-31 12:26:30', '1', '192.168.1.254', 'Chrome 49.0.2623.112', '0000-00-00 00:00:00', '', '', ''),
(207, 1, 'Sudan', 'sd', '', 1, '2017-05-31 12:26:30', '1', '192.168.1.254', 'Chrome 49.0.2623.112', '0000-00-00 00:00:00', '', '', ''),
(208, 1, 'Suriname', 'sr', '', 1, '2017-05-31 12:26:30', '1', '192.168.1.254', 'Chrome 49.0.2623.112', '0000-00-00 00:00:00', '', '', ''),
(209, 1, 'Svalbard and Jan Mayen Islands', 'sj', '', 1, '2017-05-31 12:26:30', '1', '192.168.1.254', 'Chrome 49.0.2623.112', '0000-00-00 00:00:00', '', '', ''),
(210, 1, 'Swaziland', 'sz', '', 1, '2017-05-31 12:26:30', '1', '192.168.1.254', 'Chrome 49.0.2623.112', '0000-00-00 00:00:00', '', '', ''),
(211, 1, 'Sweden', 'se', '', 1, '2017-05-31 12:26:30', '1', '192.168.1.254', 'Chrome 49.0.2623.112', '0000-00-00 00:00:00', '', '', ''),
(212, 1, 'Switzerland', 'ch', '', 1, '2017-05-31 12:26:30', '1', '192.168.1.254', 'Chrome 49.0.2623.112', '0000-00-00 00:00:00', '', '', ''),
(213, 1, 'Syria', 'sy', '', 1, '2017-05-31 12:26:30', '1', '192.168.1.254', 'Chrome 49.0.2623.112', '0000-00-00 00:00:00', '', '', ''),
(214, 1, 'Taiwan', 'tw', '', 1, '2017-05-31 12:26:30', '1', '192.168.1.254', 'Chrome 49.0.2623.112', '0000-00-00 00:00:00', '', '', ''),
(215, 1, 'Tajikistan', 'tj', '', 1, '2017-05-31 12:26:30', '1', '192.168.1.254', 'Chrome 49.0.2623.112', '0000-00-00 00:00:00', '', '', ''),
(216, 1, 'Tanzania', 'tz', '', 1, '2017-05-31 12:26:30', '1', '192.168.1.254', 'Chrome 49.0.2623.112', '0000-00-00 00:00:00', '', '', ''),
(217, 1, 'Thailand', 'th', '', 1, '2017-05-31 12:26:30', '1', '192.168.1.254', 'Chrome 49.0.2623.112', '0000-00-00 00:00:00', '', '', ''),
(218, 1, 'Togo', 'tg', '', 1, '2017-05-31 12:26:30', '1', '192.168.1.254', 'Chrome 49.0.2623.112', '0000-00-00 00:00:00', '', '', ''),
(219, 1, 'Tokelau', 'tk', '', 1, '2017-05-31 12:26:30', '1', '192.168.1.254', 'Chrome 49.0.2623.112', '0000-00-00 00:00:00', '', '', ''),
(220, 1, 'Tonga', 'to', '', 1, '2017-05-31 12:26:30', '1', '192.168.1.254', 'Chrome 49.0.2623.112', '0000-00-00 00:00:00', '', '', ''),
(221, 1, 'Trinidad and Tobago', 'tt', '', 1, '2017-05-31 12:26:30', '1', '192.168.1.254', 'Chrome 49.0.2623.112', '0000-00-00 00:00:00', '', '', ''),
(222, 1, 'Tunisia', 'tn', '', 1, '2017-05-31 12:26:31', '1', '192.168.1.254', 'Chrome 49.0.2623.112', '0000-00-00 00:00:00', '', '', ''),
(223, 1, 'Turkey', 'tr', '', 1, '2017-05-31 12:26:31', '1', '192.168.1.254', 'Chrome 49.0.2623.112', '0000-00-00 00:00:00', '', '', ''),
(224, 1, 'Turkmenistan', 'tm', '', 1, '2017-05-31 12:26:31', '1', '192.168.1.254', 'Chrome 49.0.2623.112', '0000-00-00 00:00:00', '', '', ''),
(225, 1, 'Turks and Caicos Islands', 'tc', '', 1, '2017-05-31 12:26:31', '1', '192.168.1.254', 'Chrome 49.0.2623.112', '0000-00-00 00:00:00', '', '', ''),
(226, 1, 'Tuvalu', 'tv', '', 1, '2017-05-31 12:26:31', '1', '192.168.1.254', 'Chrome 49.0.2623.112', '0000-00-00 00:00:00', '', '', ''),
(227, 1, 'U.K.', 'uk', '', 1, '2017-05-31 12:26:31', '1', '192.168.1.254', 'Chrome 49.0.2623.112', '0000-00-00 00:00:00', '', '', ''),
(228, 1, 'USA', 'us', '', 1, '2017-05-31 12:26:31', '1', '192.168.1.254', 'Chrome 49.0.2623.112', '0000-00-00 00:00:00', '', '', ''),
(229, 1, 'USA Minor Outlying Islands', 'um', '', 1, '2017-05-31 12:26:31', '1', '192.168.1.254', 'Chrome 49.0.2623.112', '0000-00-00 00:00:00', '', '', ''),
(230, 1, 'Uganda', 'ug', '', 1, '2017-05-31 12:26:31', '1', '192.168.1.254', 'Chrome 49.0.2623.112', '0000-00-00 00:00:00', '', '', ''),
(231, 1, 'Ukraine', 'ua', '', 1, '2017-05-31 12:26:31', '1', '192.168.1.254', 'Chrome 49.0.2623.112', '0000-00-00 00:00:00', '', '', ''),
(232, 1, 'United Arab Emirates', 'ae', '', 1, '2017-05-31 12:26:31', '1', '192.168.1.254', 'Chrome 49.0.2623.112', '0000-00-00 00:00:00', '', '', ''),
(233, 1, 'Uruguay', 'uy', '', 1, '2017-05-31 12:26:31', '1', '192.168.1.254', 'Chrome 49.0.2623.112', '0000-00-00 00:00:00', '', '', ''),
(234, 1, 'Uzbekistan', 'uz', '', 1, '2017-05-31 12:26:31', '1', '192.168.1.254', 'Chrome 49.0.2623.112', '0000-00-00 00:00:00', '', '', ''),
(235, 1, 'Vanuatu', 'vu', '', 1, '2017-05-31 12:26:31', '1', '192.168.1.254', 'Chrome 49.0.2623.112', '0000-00-00 00:00:00', '', '', ''),
(236, 1, 'Vatican', 'va', '', 1, '2017-05-31 12:26:31', '1', '192.168.1.254', 'Chrome 49.0.2623.112', '0000-00-00 00:00:00', '', '', ''),
(237, 1, 'Venezuela', 've', '', 1, '2017-05-31 12:26:31', '1', '192.168.1.254', 'Chrome 49.0.2623.112', '0000-00-00 00:00:00', '', '', ''),
(238, 1, 'Vietnam', 'vn', '', 1, '2017-05-31 12:26:31', '1', '192.168.1.254', 'Chrome 49.0.2623.112', '0000-00-00 00:00:00', '', '', ''),
(239, 1, 'Virgin Islands (British)', 'vg', '', 1, '2017-05-31 12:26:31', '1', '192.168.1.254', 'Chrome 49.0.2623.112', '0000-00-00 00:00:00', '', '', ''),
(240, 1, 'Virgin Islands (USA)', 'vi', '', 1, '2017-05-31 12:26:31', '1', '192.168.1.254', 'Chrome 49.0.2623.112', '0000-00-00 00:00:00', '', '', ''),
(241, 1, 'Wallis and Futuna Islands', 'wf', '', 1, '2017-05-31 12:26:31', '1', '192.168.1.254', 'Chrome 49.0.2623.112', '0000-00-00 00:00:00', '', '', ''),
(242, 1, 'Western Sahara', 'eh', '', 1, '2017-05-31 12:26:31', '1', '192.168.1.254', 'Chrome 49.0.2623.112', '0000-00-00 00:00:00', '', '', ''),
(243, 1, 'Yemen', 'ye', '', 1, '2017-05-31 12:26:31', '1', '192.168.1.254', 'Chrome 49.0.2623.112', '0000-00-00 00:00:00', '', '', ''),
(244, 1, 'Zambia', 'zm', '', 1, '2017-05-31 12:26:31', '1', '192.168.1.254', 'Chrome 49.0.2623.112', '0000-00-00 00:00:00', '', '', ''),
(245, 1, 'Zimbabwe', 'zw', '', 1, '2017-05-31 12:26:31', '1', '192.168.1.254', 'Chrome 49.0.2623.112', '0000-00-00 00:00:00', '', '', ''),
(246, 1, 'puneet japan', 'puneet j', '149802639920170621.jpg', 0, '2017-06-21 06:26:39', '1', '111.93.42.106', 'Chrome 58.0.3029.110', '0000-00-00 00:00:00', '', '', '');

-- --------------------------------------------------------

--
-- Table structure for table `tbl_nationality`
--

DROP TABLE IF EXISTS `tbl_nationality`;
CREATE TABLE IF NOT EXISTS `tbl_nationality` (
  `country_id` int(10) NOT NULL AUTO_INCREMENT,
  `continent_id` tinyint(3) NOT NULL,
  `country_name` varchar(50) NOT NULL,
  `country_key` varchar(50) NOT NULL,
  `country_logo` varchar(50) NOT NULL,
  `is_active` tinyint(3) NOT NULL,
  `created_date` datetime NOT NULL,
  `created_by` varchar(50) NOT NULL,
  `created_ip` varchar(50) NOT NULL,
  `create_browser` varchar(50) NOT NULL,
  `modified_date` datetime NOT NULL,
  `modified_by` varchar(50) NOT NULL,
  `modified_ip` varchar(50) NOT NULL,
  `modified_browser` varchar(50) NOT NULL,
  PRIMARY KEY (`country_id`)
) ENGINE=InnoDB AUTO_INCREMENT=247 DEFAULT CHARSET=latin1;

--
-- Dumping data for table `tbl_nationality`
--

INSERT INTO `tbl_nationality` (`country_id`, `continent_id`, `country_name`, `country_key`, `country_logo`, `is_active`, `created_date`, `created_by`, `created_ip`, `create_browser`, `modified_date`, `modified_by`, `modified_ip`, `modified_browser`) VALUES
(1, 1, 'Afghanistan', 'af', '', 0, '2017-05-31 12:26:30', '1', '192.168.1.254', 'Chrome 49.0.2623.112', '0000-00-00 00:00:00', '', '', ''),
(2, 0, 'Albania', 'al', '', 1, '2017-05-31 12:26:30', '1', '192.168.1.254', 'Chrome 49.0.2623.112', '0000-00-00 00:00:00', '', '', ''),
(3, 0, 'Algeria', 'dz', '', 1, '2017-05-31 12:26:30', '1', '192.168.1.254', 'Chrome 49.0.2623.112', '0000-00-00 00:00:00', '', '', ''),
(4, 1, 'American Samoa', 'as', '', 1, '2017-05-31 12:26:30', '1', '192.168.1.254', 'Chrome 49.0.2623.112', '0000-00-00 00:00:00', '', '', ''),
(5, 1, 'Andorra', 'ad', '', 1, '2017-05-31 12:26:30', '1', '192.168.1.254', 'Chrome 49.0.2623.112', '0000-00-00 00:00:00', '', '', ''),
(6, 1, 'Angola', 'ao', '', 1, '2017-05-31 12:26:30', '1', '192.168.1.254', 'Chrome 49.0.2623.112', '0000-00-00 00:00:00', '', '', ''),
(7, 1, 'Anguilla', 'ai', '', 1, '2017-05-31 12:26:30', '1', '192.168.1.254', 'Chrome 49.0.2623.112', '0000-00-00 00:00:00', '', '', ''),
(8, 1, 'Antarctica', 'aq', '', 1, '2017-05-31 12:26:30', '1', '192.168.1.254', 'Chrome 49.0.2623.112', '0000-00-00 00:00:00', '', '', ''),
(9, 1, 'Antigua and Barbuda', 'ag', '', 1, '2017-05-31 12:26:30', '1', '192.168.1.254', 'Chrome 49.0.2623.112', '0000-00-00 00:00:00', '', '', ''),
(10, 1, 'Argentina', 'ar', '', 1, '2017-05-31 12:26:30', '1', '192.168.1.254', 'Chrome 49.0.2623.112', '0000-00-00 00:00:00', '', '', ''),
(11, 1, 'Armenia', 'am', '', 1, '2017-05-31 12:26:30', '1', '192.168.1.254', 'Chrome 49.0.2623.112', '0000-00-00 00:00:00', '', '', ''),
(12, 1, 'Aruba', 'aw', '', 1, '2017-05-31 12:26:30', '1', '192.168.1.254', 'Chrome 49.0.2623.112', '0000-00-00 00:00:00', '', '', ''),
(13, 1, 'Australia', 'au', '', 1, '2017-05-31 12:26:30', '1', '192.168.1.254', 'Chrome 49.0.2623.112', '0000-00-00 00:00:00', '', '', ''),
(14, 1, 'Austria', 'at', '', 1, '2017-05-31 12:26:30', '1', '192.168.1.254', 'Chrome 49.0.2623.112', '0000-00-00 00:00:00', '', '', ''),
(15, 1, 'Azerbaijan', 'az', '', 1, '2017-05-31 12:26:30', '1', '192.168.1.254', 'Chrome 49.0.2623.112', '0000-00-00 00:00:00', '', '', ''),
(16, 1, 'Bahamas', 'bs', '', 1, '2017-05-31 12:26:30', '1', '192.168.1.254', 'Chrome 49.0.2623.112', '0000-00-00 00:00:00', '', '', ''),
(17, 1, 'Bahrain', 'bh', '', 1, '2017-05-31 12:26:30', '1', '192.168.1.254', 'Chrome 49.0.2623.112', '0000-00-00 00:00:00', '', '', ''),
(18, 1, 'Bangladesh', 'bd', '', 0, '2017-05-31 12:26:30', '1', '192.168.1.254', 'Chrome 49.0.2623.112', '0000-00-00 00:00:00', '', '', ''),
(19, 1, 'Barbados', 'bb', '', 1, '2017-05-31 12:26:30', '1', '192.168.1.254', 'Chrome 49.0.2623.112', '0000-00-00 00:00:00', '', '', ''),
(20, 1, 'Belarus', 'by', '', 1, '2017-05-31 12:26:30', '1', '192.168.1.254', 'Chrome 49.0.2623.112', '0000-00-00 00:00:00', '', '', ''),
(21, 1, 'Belgium', 'be', '', 1, '2017-05-31 12:26:30', '1', '192.168.1.254', 'Chrome 49.0.2623.112', '0000-00-00 00:00:00', '', '', ''),
(22, 1, 'Belize', 'bz', '', 1, '2017-05-31 12:26:30', '1', '192.168.1.254', 'Chrome 49.0.2623.112', '0000-00-00 00:00:00', '', '', ''),
(23, 1, 'Benin', 'bj', '', 1, '2017-05-31 12:26:30', '1', '192.168.1.254', 'Chrome 49.0.2623.112', '0000-00-00 00:00:00', '', '', ''),
(24, 1, 'Bermuda', 'bm', '', 1, '2017-05-31 12:26:30', '1', '192.168.1.254', 'Chrome 49.0.2623.112', '0000-00-00 00:00:00', '', '', ''),
(25, 1, 'Bhutan', 'bt', '', 1, '2017-05-31 12:26:30', '1', '192.168.1.254', 'Chrome 49.0.2623.112', '0000-00-00 00:00:00', '', '', ''),
(26, 1, 'Bolivia', 'bo', '', 1, '2017-05-31 12:26:30', '1', '192.168.1.254', 'Chrome 49.0.2623.112', '0000-00-00 00:00:00', '', '', ''),
(27, 1, 'Bosnia-Herzegovina', 'ba', '', 1, '2017-05-31 12:26:30', '1', '192.168.1.254', 'Chrome 49.0.2623.112', '0000-00-00 00:00:00', '', '', ''),
(28, 1, 'Botswana', 'bw', '', 1, '2017-05-31 12:26:30', '1', '192.168.1.254', 'Chrome 49.0.2623.112', '0000-00-00 00:00:00', '', '', ''),
(29, 1, 'Bouvet Island', 'bv', '', 1, '2017-05-31 12:26:30', '1', '192.168.1.254', 'Chrome 49.0.2623.112', '0000-00-00 00:00:00', '', '', ''),
(30, 1, 'Brazil', 'br', '', 1, '2017-05-31 12:26:30', '1', '192.168.1.254', 'Chrome 49.0.2623.112', '0000-00-00 00:00:00', '', '', ''),
(31, 1, 'British Indian Ocean Territory', 'io', '', 1, '2017-05-31 12:26:30', '1', '192.168.1.254', 'Chrome 49.0.2623.112', '0000-00-00 00:00:00', '', '', ''),
(32, 1, 'Brunei Darussalam', 'bn', '', 1, '2017-05-31 12:26:30', '1', '192.168.1.254', 'Chrome 49.0.2623.112', '0000-00-00 00:00:00', '', '', ''),
(33, 1, 'Bulgaria', 'bg', '', 1, '2017-05-31 12:26:30', '1', '192.168.1.254', 'Chrome 49.0.2623.112', '0000-00-00 00:00:00', '', '', ''),
(34, 1, 'Burkina Faso', 'bf', '', 1, '2017-05-31 12:26:30', '1', '192.168.1.254', 'Chrome 49.0.2623.112', '0000-00-00 00:00:00', '', '', ''),
(35, 1, 'Burundi', 'bi', '', 1, '2017-05-31 12:26:30', '1', '192.168.1.254', 'Chrome 49.0.2623.112', '0000-00-00 00:00:00', '', '', ''),
(36, 1, 'Cambodia', 'kh', '', 1, '2017-05-31 12:26:30', '1', '192.168.1.254', 'Chrome 49.0.2623.112', '0000-00-00 00:00:00', '', '', ''),
(37, 1, 'Cameroon', 'cm', '', 1, '2017-05-31 12:26:30', '1', '192.168.1.254', 'Chrome 49.0.2623.112', '0000-00-00 00:00:00', '', '', ''),
(38, 1, 'Canada', 'ca', '', 1, '2017-05-31 12:26:30', '1', '192.168.1.254', 'Chrome 49.0.2623.112', '0000-00-00 00:00:00', '', '', ''),
(39, 1, 'Cape Verde', 'cv', '', 1, '2017-05-31 12:26:30', '1', '192.168.1.254', 'Chrome 49.0.2623.112', '0000-00-00 00:00:00', '', '', ''),
(40, 1, 'Cayman Islands', 'ky', '', 1, '2017-05-31 12:26:30', '1', '192.168.1.254', 'Chrome 49.0.2623.112', '0000-00-00 00:00:00', '', '', ''),
(41, 1, 'Central African Republic', 'cf', '', 1, '2017-05-31 12:26:30', '1', '192.168.1.254', 'Chrome 49.0.2623.112', '0000-00-00 00:00:00', '', '', ''),
(42, 1, 'Chad', 'td', '', 1, '2017-05-31 12:26:30', '1', '192.168.1.254', 'Chrome 49.0.2623.112', '0000-00-00 00:00:00', '', '', ''),
(43, 1, 'Chile', 'cl', '', 1, '2017-05-31 12:26:30', '1', '192.168.1.254', 'Chrome 49.0.2623.112', '0000-00-00 00:00:00', '', '', ''),
(44, 1, 'China', 'cn', '', 1, '2017-05-31 12:26:30', '1', '192.168.1.254', 'Chrome 49.0.2623.112', '0000-00-00 00:00:00', '', '', ''),
(45, 1, 'Christmas Island', 'cx', '', 1, '2017-05-31 12:26:30', '1', '192.168.1.254', 'Chrome 49.0.2623.112', '0000-00-00 00:00:00', '', '', ''),
(46, 1, 'Cocos (Keeling) Islands', 'cc', '', 1, '2017-05-31 12:26:30', '1', '192.168.1.254', 'Chrome 49.0.2623.112', '0000-00-00 00:00:00', '', '', ''),
(47, 1, 'Colombia', 'co', '', 1, '2017-05-31 12:26:30', '1', '192.168.1.254', 'Chrome 49.0.2623.112', '0000-00-00 00:00:00', '', '', ''),
(48, 1, 'Comoros', 'km', '', 1, '2017-05-31 12:26:30', '1', '192.168.1.254', 'Chrome 49.0.2623.112', '0000-00-00 00:00:00', '', '', ''),
(49, 1, 'Congo', 'cg', '', 1, '2017-05-31 12:26:30', '1', '192.168.1.254', 'Chrome 49.0.2623.112', '0000-00-00 00:00:00', '', '', ''),
(50, 1, 'Congo, Dem. Republic', 'cd', '', 1, '2017-05-31 12:26:30', '1', '192.168.1.254', 'Chrome 49.0.2623.112', '0000-00-00 00:00:00', '', '', ''),
(51, 1, 'Cook Islands', 'ck', '', 1, '2017-05-31 12:26:30', '1', '192.168.1.254', 'Chrome 49.0.2623.112', '0000-00-00 00:00:00', '', '', ''),
(52, 1, 'Costa Rica', 'cr', '', 1, '2017-05-31 12:26:30', '1', '192.168.1.254', 'Chrome 49.0.2623.112', '0000-00-00 00:00:00', '', '', ''),
(53, 1, 'Croatia', 'hr', '', 1, '2017-05-31 12:26:30', '1', '192.168.1.254', 'Chrome 49.0.2623.112', '0000-00-00 00:00:00', '', '', ''),
(54, 1, 'Cuba', 'cu', '', 1, '2017-05-31 12:26:30', '1', '192.168.1.254', 'Chrome 49.0.2623.112', '0000-00-00 00:00:00', '', '', ''),
(55, 1, 'Cyprus', 'cy', '', 1, '2017-05-31 12:26:30', '1', '192.168.1.254', 'Chrome 49.0.2623.112', '0000-00-00 00:00:00', '', '', ''),
(56, 1, 'Czech Rep.', 'cz', '', 1, '2017-05-31 12:26:30', '1', '192.168.1.254', 'Chrome 49.0.2623.112', '0000-00-00 00:00:00', '', '', ''),
(57, 1, 'Denmark', 'dk', '', 1, '2017-05-31 12:26:30', '1', '192.168.1.254', 'Chrome 49.0.2623.112', '0000-00-00 00:00:00', '', '', ''),
(58, 1, 'Djibouti', 'dj', '', 1, '2017-05-31 12:26:30', '1', '192.168.1.254', 'Chrome 49.0.2623.112', '0000-00-00 00:00:00', '', '', ''),
(59, 1, 'Dominica', 'dm', '', 1, '2017-05-31 12:26:30', '1', '192.168.1.254', 'Chrome 49.0.2623.112', '0000-00-00 00:00:00', '', '', ''),
(60, 1, 'Dominican Republic', 'do', '', 1, '2017-05-31 12:26:30', '1', '192.168.1.254', 'Chrome 49.0.2623.112', '0000-00-00 00:00:00', '', '', ''),
(61, 1, 'Ecuador', 'ec', '', 1, '2017-05-31 12:26:30', '1', '192.168.1.254', 'Chrome 49.0.2623.112', '0000-00-00 00:00:00', '', '', ''),
(62, 1, 'Egypt', 'eg', '', 1, '2017-05-31 12:26:30', '1', '192.168.1.254', 'Chrome 49.0.2623.112', '0000-00-00 00:00:00', '', '', ''),
(63, 1, 'El Salvador', 'sv', '', 1, '2017-05-31 12:26:30', '1', '192.168.1.254', 'Chrome 49.0.2623.112', '0000-00-00 00:00:00', '', '', ''),
(64, 1, 'Equatorial Guinea', 'gq', '', 1, '2017-05-31 12:26:30', '1', '192.168.1.254', 'Chrome 49.0.2623.112', '0000-00-00 00:00:00', '', '', ''),
(65, 1, 'Eritrea', 'er', '', 1, '2017-05-31 12:26:30', '1', '192.168.1.254', 'Chrome 49.0.2623.112', '0000-00-00 00:00:00', '', '', ''),
(66, 1, 'Estonia', 'ee', '', 1, '2017-05-31 12:26:30', '1', '192.168.1.254', 'Chrome 49.0.2623.112', '0000-00-00 00:00:00', '', '', ''),
(67, 1, 'Ethiopia', 'et', '', 1, '2017-05-31 12:26:30', '1', '192.168.1.254', 'Chrome 49.0.2623.112', '0000-00-00 00:00:00', '', '', ''),
(68, 1, 'European Union', 'eu.int', '', 1, '2017-05-31 12:26:30', '1', '192.168.1.254', 'Chrome 49.0.2623.112', '0000-00-00 00:00:00', '', '', ''),
(69, 1, 'Falkland Islands (Malvinas)', 'fk', '', 1, '2017-05-31 12:26:30', '1', '192.168.1.254', 'Chrome 49.0.2623.112', '0000-00-00 00:00:00', '', '', ''),
(70, 1, 'Faroe Islands', 'fo', '', 1, '2017-05-31 12:26:30', '1', '192.168.1.254', 'Chrome 49.0.2623.112', '0000-00-00 00:00:00', '', '', ''),
(71, 1, 'Fiji', 'fj', '', 1, '2017-05-31 12:26:30', '1', '192.168.1.254', 'Chrome 49.0.2623.112', '0000-00-00 00:00:00', '', '', ''),
(72, 1, 'Finland', 'fi', '', 1, '2017-05-31 12:26:30', '1', '192.168.1.254', 'Chrome 49.0.2623.112', '0000-00-00 00:00:00', '', '', ''),
(73, 1, 'France', 'fr', '', 1, '2017-05-31 12:26:30', '1', '192.168.1.254', 'Chrome 49.0.2623.112', '0000-00-00 00:00:00', '', '', ''),
(74, 1, 'French Guiana', 'gf', '', 1, '2017-05-31 12:26:30', '1', '192.168.1.254', 'Chrome 49.0.2623.112', '0000-00-00 00:00:00', '', '', ''),
(75, 1, 'French Southern Territories', 'tf', '', 1, '2017-05-31 12:26:30', '1', '192.168.1.254', 'Chrome 49.0.2623.112', '0000-00-00 00:00:00', '', '', ''),
(76, 1, 'Gabon', 'ga', '', 1, '2017-05-31 12:26:30', '1', '192.168.1.254', 'Chrome 49.0.2623.112', '0000-00-00 00:00:00', '', '', ''),
(77, 1, 'Gambia', 'gm', '', 1, '2017-05-31 12:26:30', '1', '192.168.1.254', 'Chrome 49.0.2623.112', '0000-00-00 00:00:00', '', '', ''),
(78, 1, 'Georgia', 'ge', '', 1, '2017-05-31 12:26:30', '1', '192.168.1.254', 'Chrome 49.0.2623.112', '0000-00-00 00:00:00', '', '', ''),
(79, 1, 'Germany', 'de', '', 1, '2017-05-31 12:26:30', '1', '192.168.1.254', 'Chrome 49.0.2623.112', '0000-00-00 00:00:00', '', '', ''),
(80, 1, 'Ghana', 'gh', '', 1, '2017-05-31 12:26:30', '1', '192.168.1.254', 'Chrome 49.0.2623.112', '0000-00-00 00:00:00', '', '', ''),
(81, 1, 'Gibraltar', 'gi', '', 1, '2017-05-31 12:26:30', '1', '192.168.1.254', 'Chrome 49.0.2623.112', '0000-00-00 00:00:00', '', '', ''),
(82, 1, 'Great Britain', 'gb', '', 1, '2017-05-31 12:26:30', '1', '192.168.1.254', 'Chrome 49.0.2623.112', '0000-00-00 00:00:00', '', '', ''),
(83, 1, 'Greece', 'gr', '', 1, '2017-05-31 12:26:30', '1', '192.168.1.254', 'Chrome 49.0.2623.112', '0000-00-00 00:00:00', '', '', ''),
(84, 1, 'Greenland', 'gl', '', 1, '2017-05-31 12:26:30', '1', '192.168.1.254', 'Chrome 49.0.2623.112', '0000-00-00 00:00:00', '', '', ''),
(85, 1, 'Grenada', 'gd', '', 1, '2017-05-31 12:26:30', '1', '192.168.1.254', 'Chrome 49.0.2623.112', '0000-00-00 00:00:00', '', '', ''),
(86, 1, 'Guadeloupe (French)', 'gp', '', 1, '2017-05-31 12:26:30', '1', '192.168.1.254', 'Chrome 49.0.2623.112', '0000-00-00 00:00:00', '', '', ''),
(87, 1, 'Guam (USA)', 'gu', '', 1, '2017-05-31 12:26:30', '1', '192.168.1.254', 'Chrome 49.0.2623.112', '0000-00-00 00:00:00', '', '', ''),
(88, 1, 'Guatemala', 'gt', '', 1, '2017-05-31 12:26:30', '1', '192.168.1.254', 'Chrome 49.0.2623.112', '0000-00-00 00:00:00', '', '', ''),
(89, 1, 'Guernsey', 'gg', '', 1, '2017-05-31 12:26:30', '1', '192.168.1.254', 'Chrome 49.0.2623.112', '0000-00-00 00:00:00', '', '', ''),
(90, 1, 'Guinea', 'gn', '', 1, '2017-05-31 12:26:30', '1', '192.168.1.254', 'Chrome 49.0.2623.112', '0000-00-00 00:00:00', '', '', ''),
(91, 1, 'Guinea Bissau', 'gw', '', 1, '2017-05-31 12:26:30', '1', '192.168.1.254', 'Chrome 49.0.2623.112', '0000-00-00 00:00:00', '', '', ''),
(92, 1, 'Guyana', 'gy', '', 1, '2017-05-31 12:26:30', '1', '192.168.1.254', 'Chrome 49.0.2623.112', '0000-00-00 00:00:00', '', '', ''),
(93, 1, 'Haiti', 'ht', '', 1, '2017-05-31 12:26:30', '1', '192.168.1.254', 'Chrome 49.0.2623.112', '0000-00-00 00:00:00', '', '', ''),
(94, 1, 'Heard Island and McDonald Islands', 'hm', '', 1, '2017-05-31 12:26:30', '1', '192.168.1.254', 'Chrome 49.0.2623.112', '0000-00-00 00:00:00', '', '', ''),
(95, 1, 'Honduras', 'hn', '', 1, '2017-05-31 12:26:30', '1', '192.168.1.254', 'Chrome 49.0.2623.112', '0000-00-00 00:00:00', '', '', ''),
(96, 1, 'Hong Kong', 'hk', '', 1, '2017-05-31 12:26:30', '1', '192.168.1.254', 'Chrome 49.0.2623.112', '0000-00-00 00:00:00', '', '', ''),
(97, 1, 'Hungary', 'hu', '', 1, '2017-05-31 12:26:30', '1', '192.168.1.254', 'Chrome 49.0.2623.112', '0000-00-00 00:00:00', '', '', ''),
(98, 1, 'Iceland', 'is', '', 1, '2017-05-31 12:26:30', '1', '192.168.1.254', 'Chrome 49.0.2623.112', '0000-00-00 00:00:00', '', '', ''),
(99, 1, 'India', 'in', '', 1, '2017-05-31 12:26:30', '1', '192.168.1.254', 'Chrome 49.0.2623.112', '0000-00-00 00:00:00', '', '', ''),
(100, 1, 'Indonesia', 'id', '', 1, '2017-05-31 12:26:30', '1', '192.168.1.254', 'Chrome 49.0.2623.112', '0000-00-00 00:00:00', '', '', ''),
(101, 1, 'International', 'int', '', 1, '2017-05-31 12:26:30', '1', '192.168.1.254', 'Chrome 49.0.2623.112', '0000-00-00 00:00:00', '', '', ''),
(102, 1, 'Iran', 'ir', '', 1, '2017-05-31 12:26:30', '1', '192.168.1.254', 'Chrome 49.0.2623.112', '0000-00-00 00:00:00', '', '', ''),
(103, 1, 'Iraq', 'iq', '', 0, '2017-05-31 12:26:30', '1', '192.168.1.254', 'Chrome 49.0.2623.112', '0000-00-00 00:00:00', '', '', ''),
(104, 1, 'Ireland', 'ie', '', 1, '2017-05-31 12:26:30', '1', '192.168.1.254', 'Chrome 49.0.2623.112', '0000-00-00 00:00:00', '', '', ''),
(105, 1, 'Isle of Man', 'im', '', 1, '2017-05-31 12:26:30', '1', '192.168.1.254', 'Chrome 49.0.2623.112', '0000-00-00 00:00:00', '', '', ''),
(106, 1, 'Israel', 'il', '', 1, '2017-05-31 12:26:30', '1', '192.168.1.254', 'Chrome 49.0.2623.112', '0000-00-00 00:00:00', '', '', ''),
(107, 1, 'Italy', 'it', '', 1, '2017-05-31 12:26:30', '1', '192.168.1.254', 'Chrome 49.0.2623.112', '0000-00-00 00:00:00', '', '', ''),
(108, 1, 'Ivory Coast', 'ci', '', 1, '2017-05-31 12:26:30', '1', '192.168.1.254', 'Chrome 49.0.2623.112', '0000-00-00 00:00:00', '', '', ''),
(109, 1, 'Jamaica', 'jm', '', 1, '2017-05-31 12:26:30', '1', '192.168.1.254', 'Chrome 49.0.2623.112', '0000-00-00 00:00:00', '', '', ''),
(110, 1, 'Japan', 'jp', '', 1, '2017-05-31 12:26:30', '1', '192.168.1.254', 'Chrome 49.0.2623.112', '0000-00-00 00:00:00', '', '', ''),
(111, 1, 'Jersey', 'je', '', 1, '2017-05-31 12:26:30', '1', '192.168.1.254', 'Chrome 49.0.2623.112', '0000-00-00 00:00:00', '', '', ''),
(112, 1, 'Jordan', 'jo', '', 1, '2017-05-31 12:26:30', '1', '192.168.1.254', 'Chrome 49.0.2623.112', '0000-00-00 00:00:00', '', '', ''),
(113, 1, 'Kazakhstan', 'kz', '', 1, '2017-05-31 12:26:30', '1', '192.168.1.254', 'Chrome 49.0.2623.112', '0000-00-00 00:00:00', '', '', ''),
(114, 1, 'Kenya', 'ke', '', 1, '2017-05-31 12:26:30', '1', '192.168.1.254', 'Chrome 49.0.2623.112', '0000-00-00 00:00:00', '', '', ''),
(115, 1, 'Kiribati', 'ki', '', 1, '2017-05-31 12:26:30', '1', '192.168.1.254', 'Chrome 49.0.2623.112', '0000-00-00 00:00:00', '', '', ''),
(116, 1, 'Korea-North', 'kp', '', 1, '2017-05-31 12:26:30', '1', '192.168.1.254', 'Chrome 49.0.2623.112', '0000-00-00 00:00:00', '', '', ''),
(117, 1, 'Korea-South', 'kr', '', 1, '2017-05-31 12:26:30', '1', '192.168.1.254', 'Chrome 49.0.2623.112', '0000-00-00 00:00:00', '', '', ''),
(118, 1, 'Kuwait', 'kw', '', 1, '2017-05-31 12:26:30', '1', '192.168.1.254', 'Chrome 49.0.2623.112', '0000-00-00 00:00:00', '', '', ''),
(119, 1, 'Kyrgyzstan', 'kg', '', 1, '2017-05-31 12:26:30', '1', '192.168.1.254', 'Chrome 49.0.2623.112', '0000-00-00 00:00:00', '', '', ''),
(120, 1, 'Laos', 'la', '', 1, '2017-05-31 12:26:30', '1', '192.168.1.254', 'Chrome 49.0.2623.112', '0000-00-00 00:00:00', '', '', ''),
(121, 1, 'Latvia', 'lv', '', 1, '2017-05-31 12:26:30', '1', '192.168.1.254', 'Chrome 49.0.2623.112', '0000-00-00 00:00:00', '', '', ''),
(122, 1, 'Lebanon', 'lb', '', 1, '2017-05-31 12:26:30', '1', '192.168.1.254', 'Chrome 49.0.2623.112', '0000-00-00 00:00:00', '', '', ''),
(123, 1, 'Lesotho', 'ls', '', 1, '2017-05-31 12:26:30', '1', '192.168.1.254', 'Chrome 49.0.2623.112', '0000-00-00 00:00:00', '', '', ''),
(124, 1, 'Liberia', 'lr', '', 1, '2017-05-31 12:26:30', '1', '192.168.1.254', 'Chrome 49.0.2623.112', '0000-00-00 00:00:00', '', '', ''),
(125, 1, 'Libya', 'ly', '', 1, '2017-05-31 12:26:30', '1', '192.168.1.254', 'Chrome 49.0.2623.112', '0000-00-00 00:00:00', '', '', ''),
(126, 1, 'Liechtenstein', 'li', '', 1, '2017-05-31 12:26:30', '1', '192.168.1.254', 'Chrome 49.0.2623.112', '0000-00-00 00:00:00', '', '', ''),
(127, 1, 'Lithuania', 'lt', '', 1, '2017-05-31 12:26:30', '1', '192.168.1.254', 'Chrome 49.0.2623.112', '0000-00-00 00:00:00', '', '', ''),
(128, 1, 'Luxembourg', 'lu', '', 1, '2017-05-31 12:26:30', '1', '192.168.1.254', 'Chrome 49.0.2623.112', '0000-00-00 00:00:00', '', '', ''),
(129, 1, 'Macau', 'mo', '', 1, '2017-05-31 12:26:30', '1', '192.168.1.254', 'Chrome 49.0.2623.112', '0000-00-00 00:00:00', '', '', ''),
(130, 1, 'Macedonia', 'mk', '', 1, '2017-05-31 12:26:30', '1', '192.168.1.254', 'Chrome 49.0.2623.112', '0000-00-00 00:00:00', '', '', ''),
(131, 1, 'Madagascar', 'mg', '', 1, '2017-05-31 12:26:30', '1', '192.168.1.254', 'Chrome 49.0.2623.112', '0000-00-00 00:00:00', '', '', ''),
(132, 1, 'Malawi', 'mw', '', 1, '2017-05-31 12:26:30', '1', '192.168.1.254', 'Chrome 49.0.2623.112', '0000-00-00 00:00:00', '', '', ''),
(133, 1, 'Malaysia', 'my', '', 1, '2017-05-31 12:26:30', '1', '192.168.1.254', 'Chrome 49.0.2623.112', '0000-00-00 00:00:00', '', '', ''),
(134, 1, 'Maldives', 'mv', '', 1, '2017-05-31 12:26:30', '1', '192.168.1.254', 'Chrome 49.0.2623.112', '0000-00-00 00:00:00', '', '', ''),
(135, 1, 'Mali', 'ml', '', 1, '2017-05-31 12:26:30', '1', '192.168.1.254', 'Chrome 49.0.2623.112', '0000-00-00 00:00:00', '', '', ''),
(136, 1, 'Malta', 'mt', '', 1, '2017-05-31 12:26:30', '1', '192.168.1.254', 'Chrome 49.0.2623.112', '0000-00-00 00:00:00', '', '', ''),
(137, 1, 'Marshall Islands', 'mh', '', 1, '2017-05-31 12:26:30', '1', '192.168.1.254', 'Chrome 49.0.2623.112', '0000-00-00 00:00:00', '', '', ''),
(138, 1, 'Martinique (French)', 'mq', '', 1, '2017-05-31 12:26:30', '1', '192.168.1.254', 'Chrome 49.0.2623.112', '0000-00-00 00:00:00', '', '', ''),
(139, 1, 'Mauritania', 'mr', '', 1, '2017-05-31 12:26:30', '1', '192.168.1.254', 'Chrome 49.0.2623.112', '0000-00-00 00:00:00', '', '', ''),
(140, 1, 'Mauritius', 'mu', '', 1, '2017-05-31 12:26:30', '1', '192.168.1.254', 'Chrome 49.0.2623.112', '0000-00-00 00:00:00', '', '', ''),
(141, 1, 'Mayotte', 'yt', '', 1, '2017-05-31 12:26:30', '1', '192.168.1.254', 'Chrome 49.0.2623.112', '0000-00-00 00:00:00', '', '', ''),
(142, 1, 'Mexico', 'mx', '', 1, '2017-05-31 12:26:30', '1', '192.168.1.254', 'Chrome 49.0.2623.112', '0000-00-00 00:00:00', '', '', ''),
(143, 1, 'Micronesia', 'fm', '', 1, '2017-05-31 12:26:30', '1', '192.168.1.254', 'Chrome 49.0.2623.112', '0000-00-00 00:00:00', '', '', ''),
(144, 1, 'Moldova', 'md', '', 1, '2017-05-31 12:26:30', '1', '192.168.1.254', 'Chrome 49.0.2623.112', '0000-00-00 00:00:00', '', '', ''),
(145, 1, 'Monaco', 'mc', '', 1, '2017-05-31 12:26:30', '1', '192.168.1.254', 'Chrome 49.0.2623.112', '0000-00-00 00:00:00', '', '', ''),
(146, 1, 'Mongolia', 'mn', '', 1, '2017-05-31 12:26:30', '1', '192.168.1.254', 'Chrome 49.0.2623.112', '0000-00-00 00:00:00', '', '', ''),
(147, 1, 'Montenegro', 'me', '', 1, '2017-05-31 12:26:30', '1', '192.168.1.254', 'Chrome 49.0.2623.112', '0000-00-00 00:00:00', '', '', ''),
(148, 1, 'Montserrat', 'ms', '', 1, '2017-05-31 12:26:30', '1', '192.168.1.254', 'Chrome 49.0.2623.112', '0000-00-00 00:00:00', '', '', ''),
(149, 1, 'Morocco', 'ma', '', 1, '2017-05-31 12:26:30', '1', '192.168.1.254', 'Chrome 49.0.2623.112', '0000-00-00 00:00:00', '', '', ''),
(150, 1, 'Mozambique', 'mz', '', 1, '2017-05-31 12:26:30', '1', '192.168.1.254', 'Chrome 49.0.2623.112', '0000-00-00 00:00:00', '', '', ''),
(151, 1, 'Myanmar', 'mm', '', 1, '2017-05-31 12:26:30', '1', '192.168.1.254', 'Chrome 49.0.2623.112', '0000-00-00 00:00:00', '', '', ''),
(152, 1, 'Namibia', 'na', '', 1, '2017-05-31 12:26:30', '1', '192.168.1.254', 'Chrome 49.0.2623.112', '0000-00-00 00:00:00', '', '', ''),
(153, 1, 'Nauru', 'nr', '', 1, '2017-05-31 12:26:30', '1', '192.168.1.254', 'Chrome 49.0.2623.112', '0000-00-00 00:00:00', '', '', ''),
(154, 1, 'Nepal', 'np', '', 1, '2017-05-31 12:26:30', '1', '192.168.1.254', 'Chrome 49.0.2623.112', '0000-00-00 00:00:00', '', '', ''),
(155, 1, 'Netherlands', 'nl', '', 1, '2017-05-31 12:26:30', '1', '192.168.1.254', 'Chrome 49.0.2623.112', '0000-00-00 00:00:00', '', '', ''),
(156, 1, 'Netherlands Antilles', 'an', '', 1, '2017-05-31 12:26:30', '1', '192.168.1.254', 'Chrome 49.0.2623.112', '0000-00-00 00:00:00', '', '', ''),
(157, 1, 'New Caledonia (French)', 'nc', '', 1, '2017-05-31 12:26:30', '1', '192.168.1.254', 'Chrome 49.0.2623.112', '0000-00-00 00:00:00', '', '', ''),
(158, 1, 'New Zealand', 'nz', '', 1, '2017-05-31 12:26:30', '1', '192.168.1.254', 'Chrome 49.0.2623.112', '0000-00-00 00:00:00', '', '', ''),
(159, 1, 'Nicaragua', 'ni', '', 1, '2017-05-31 12:26:30', '1', '192.168.1.254', 'Chrome 49.0.2623.112', '0000-00-00 00:00:00', '', '', ''),
(160, 1, 'Niger', 'ne', '', 1, '2017-05-31 12:26:30', '1', '192.168.1.254', 'Chrome 49.0.2623.112', '0000-00-00 00:00:00', '', '', ''),
(161, 1, 'Nigeria', 'ng', '', 0, '2017-05-31 12:26:30', '1', '192.168.1.254', 'Chrome 49.0.2623.112', '0000-00-00 00:00:00', '', '', ''),
(162, 1, 'Niue', 'nu', '', 1, '2017-05-31 12:26:30', '1', '192.168.1.254', 'Chrome 49.0.2623.112', '0000-00-00 00:00:00', '', '', ''),
(163, 1, 'Norfolk Island', 'nf', '', 1, '2017-05-31 12:26:30', '1', '192.168.1.254', 'Chrome 49.0.2623.112', '0000-00-00 00:00:00', '', '', ''),
(164, 1, 'Northern Mariana Islands', 'mp', '', 1, '2017-05-31 12:26:30', '1', '192.168.1.254', 'Chrome 49.0.2623.112', '0000-00-00 00:00:00', '', '', ''),
(165, 1, 'Norway', 'no', '', 1, '2017-05-31 12:26:30', '1', '192.168.1.254', 'Chrome 49.0.2623.112', '0000-00-00 00:00:00', '', '', ''),
(166, 1, 'Oman', 'om', '', 1, '2017-05-31 12:26:30', '1', '192.168.1.254', 'Chrome 49.0.2623.112', '0000-00-00 00:00:00', '', '', ''),
(167, 1, 'Pakistan', 'pk', '', 1, '2017-05-31 12:26:30', '1', '192.168.1.254', 'Chrome 49.0.2623.112', '0000-00-00 00:00:00', '', '', ''),
(168, 1, 'Palau', 'pw', '', 1, '2017-05-31 12:26:30', '1', '192.168.1.254', 'Chrome 49.0.2623.112', '0000-00-00 00:00:00', '', '', ''),
(169, 1, 'Panama', 'pa', '', 1, '2017-05-31 12:26:30', '1', '192.168.1.254', 'Chrome 49.0.2623.112', '0000-00-00 00:00:00', '', '', ''),
(170, 1, 'Papua New Guinea', 'pg', '', 1, '2017-05-31 12:26:30', '1', '192.168.1.254', 'Chrome 49.0.2623.112', '0000-00-00 00:00:00', '', '', ''),
(171, 1, 'Paraguay', 'py', '', 1, '2017-05-31 12:26:30', '1', '192.168.1.254', 'Chrome 49.0.2623.112', '0000-00-00 00:00:00', '', '', ''),
(172, 1, 'Peru', 'pe', '', 1, '2017-05-31 12:26:30', '1', '192.168.1.254', 'Chrome 49.0.2623.112', '0000-00-00 00:00:00', '', '', ''),
(173, 1, 'Philippines', 'ph', '', 1, '2017-05-31 12:26:30', '1', '192.168.1.254', 'Chrome 49.0.2623.112', '0000-00-00 00:00:00', '', '', ''),
(174, 1, 'Pitcairn Island', 'pn', '', 1, '2017-05-31 12:26:30', '1', '192.168.1.254', 'Chrome 49.0.2623.112', '0000-00-00 00:00:00', '', '', ''),
(175, 1, 'Poland', 'pl', '', 1, '2017-05-31 12:26:30', '1', '192.168.1.254', 'Chrome 49.0.2623.112', '0000-00-00 00:00:00', '', '', ''),
(176, 1, 'Polynesia (French)', 'pf', '', 1, '2017-05-31 12:26:30', '1', '192.168.1.254', 'Chrome 49.0.2623.112', '0000-00-00 00:00:00', '', '', ''),
(177, 1, 'Portugal', 'pt', '', 1, '2017-05-31 12:26:30', '1', '192.168.1.254', 'Chrome 49.0.2623.112', '0000-00-00 00:00:00', '', '', ''),
(178, 1, 'Puerto Rico', 'pr', '', 1, '2017-05-31 12:26:30', '1', '192.168.1.254', 'Chrome 49.0.2623.112', '0000-00-00 00:00:00', '', '', ''),
(179, 1, 'Qatar', 'qa', '', 1, '2017-05-31 12:26:30', '1', '192.168.1.254', 'Chrome 49.0.2623.112', '0000-00-00 00:00:00', '', '', ''),
(180, 1, 'Reunion (French)', 're', '', 1, '2017-05-31 12:26:30', '1', '192.168.1.254', 'Chrome 49.0.2623.112', '0000-00-00 00:00:00', '', '', ''),
(181, 1, 'Romania', 'ro', '', 1, '2017-05-31 12:26:30', '1', '192.168.1.254', 'Chrome 49.0.2623.112', '0000-00-00 00:00:00', '', '', ''),
(182, 1, 'Russia', 'ru', '', 1, '2017-05-31 12:26:30', '1', '192.168.1.254', 'Chrome 49.0.2623.112', '0000-00-00 00:00:00', '', '', ''),
(183, 1, 'Rwanda', 'rw', '', 1, '2017-05-31 12:26:30', '1', '192.168.1.254', 'Chrome 49.0.2623.112', '0000-00-00 00:00:00', '', '', ''),
(184, 1, 'Saint Helena', 'sh', '', 1, '2017-05-31 12:26:30', '1', '192.168.1.254', 'Chrome 49.0.2623.112', '0000-00-00 00:00:00', '', '', ''),
(185, 1, 'Saint Kitts & Nevis Anguilla', 'kn', '', 1, '2017-05-31 12:26:30', '1', '192.168.1.254', 'Chrome 49.0.2623.112', '0000-00-00 00:00:00', '', '', ''),
(186, 1, 'Saint Lucia', 'lc', '', 1, '2017-05-31 12:26:30', '1', '192.168.1.254', 'Chrome 49.0.2623.112', '0000-00-00 00:00:00', '', '', ''),
(187, 1, 'Saint Pierre and Miquelon', 'pm', '', 1, '2017-05-31 12:26:30', '1', '192.168.1.254', 'Chrome 49.0.2623.112', '0000-00-00 00:00:00', '', '', ''),
(188, 1, 'Saint Vincent & Grenadines', 'vc', '', 1, '2017-05-31 12:26:30', '1', '192.168.1.254', 'Chrome 49.0.2623.112', '0000-00-00 00:00:00', '', '', ''),
(189, 1, 'Samoa', 'ws', '', 1, '2017-05-31 12:26:30', '1', '192.168.1.254', 'Chrome 49.0.2623.112', '0000-00-00 00:00:00', '', '', ''),
(190, 1, 'San Marino', 'sm', '', 1, '2017-05-31 12:26:30', '1', '192.168.1.254', 'Chrome 49.0.2623.112', '0000-00-00 00:00:00', '', '', ''),
(191, 1, 'Sao Tome and Principe', 'st', '', 1, '2017-05-31 12:26:30', '1', '192.168.1.254', 'Chrome 49.0.2623.112', '0000-00-00 00:00:00', '', '', ''),
(192, 1, 'Saudi Arabia', 'sa', '', 1, '2017-05-31 12:26:30', '1', '192.168.1.254', 'Chrome 49.0.2623.112', '0000-00-00 00:00:00', '', '', ''),
(193, 1, 'Senegal', 'sn', '', 1, '2017-05-31 12:26:30', '1', '192.168.1.254', 'Chrome 49.0.2623.112', '0000-00-00 00:00:00', '', '', ''),
(194, 1, 'Serbia', 'rs', '', 1, '2017-05-31 12:26:30', '1', '192.168.1.254', 'Chrome 49.0.2623.112', '0000-00-00 00:00:00', '', '', ''),
(195, 1, 'Seychelles', 'sc', '', 1, '2017-05-31 12:26:30', '1', '192.168.1.254', 'Chrome 49.0.2623.112', '0000-00-00 00:00:00', '', '', ''),
(196, 1, 'Sierra Leone', 'sl', '', 1, '2017-05-31 12:26:30', '1', '192.168.1.254', 'Chrome 49.0.2623.112', '0000-00-00 00:00:00', '', '', ''),
(197, 1, 'Singapore', 'sg', '', 1, '2017-05-31 12:26:30', '1', '192.168.1.254', 'Chrome 49.0.2623.112', '0000-00-00 00:00:00', '', '', ''),
(198, 1, 'Slovakia', 'sk', '', 1, '2017-05-31 12:26:30', '1', '192.168.1.254', 'Chrome 49.0.2623.112', '0000-00-00 00:00:00', '', '', ''),
(199, 1, 'Slovenia', 'si', '', 1, '2017-05-31 12:26:30', '1', '192.168.1.254', 'Chrome 49.0.2623.112', '0000-00-00 00:00:00', '', '', ''),
(200, 1, 'Solomon Islands', 'sb', '', 1, '2017-05-31 12:26:30', '1', '192.168.1.254', 'Chrome 49.0.2623.112', '0000-00-00 00:00:00', '', '', ''),
(201, 1, 'Somalia', 'so', '', 1, '2017-05-31 12:26:30', '1', '192.168.1.254', 'Chrome 49.0.2623.112', '0000-00-00 00:00:00', '', '', ''),
(202, 1, 'South Africa', 'za', '', 1, '2017-05-31 12:26:30', '1', '192.168.1.254', 'Chrome 49.0.2623.112', '0000-00-00 00:00:00', '', '', ''),
(203, 1, 'South Georgia & South Sandwich Islands', 'gs', '', 1, '2017-05-31 12:26:30', '1', '192.168.1.254', 'Chrome 49.0.2623.112', '0000-00-00 00:00:00', '', '', ''),
(204, 1, 'South Sudan', 'ss', '', 1, '2017-05-31 12:26:30', '1', '192.168.1.254', 'Chrome 49.0.2623.112', '0000-00-00 00:00:00', '', '', ''),
(205, 1, 'Spain', 'es', '', 1, '2017-05-31 12:26:30', '1', '192.168.1.254', 'Chrome 49.0.2623.112', '0000-00-00 00:00:00', '', '', ''),
(206, 1, 'Sri Lanka', 'lk', '', 1, '2017-05-31 12:26:30', '1', '192.168.1.254', 'Chrome 49.0.2623.112', '0000-00-00 00:00:00', '', '', ''),
(207, 1, 'Sudan', 'sd', '', 1, '2017-05-31 12:26:30', '1', '192.168.1.254', 'Chrome 49.0.2623.112', '0000-00-00 00:00:00', '', '', ''),
(208, 1, 'Suriname', 'sr', '', 1, '2017-05-31 12:26:30', '1', '192.168.1.254', 'Chrome 49.0.2623.112', '0000-00-00 00:00:00', '', '', ''),
(209, 1, 'Svalbard and Jan Mayen Islands', 'sj', '', 1, '2017-05-31 12:26:30', '1', '192.168.1.254', 'Chrome 49.0.2623.112', '0000-00-00 00:00:00', '', '', ''),
(210, 1, 'Swaziland', 'sz', '', 1, '2017-05-31 12:26:30', '1', '192.168.1.254', 'Chrome 49.0.2623.112', '0000-00-00 00:00:00', '', '', ''),
(211, 1, 'Sweden', 'se', '', 1, '2017-05-31 12:26:30', '1', '192.168.1.254', 'Chrome 49.0.2623.112', '0000-00-00 00:00:00', '', '', ''),
(212, 1, 'Switzerland', 'ch', '', 1, '2017-05-31 12:26:30', '1', '192.168.1.254', 'Chrome 49.0.2623.112', '0000-00-00 00:00:00', '', '', ''),
(213, 1, 'Syria', 'sy', '', 0, '2017-05-31 12:26:30', '1', '192.168.1.254', 'Chrome 49.0.2623.112', '0000-00-00 00:00:00', '', '', ''),
(214, 1, 'Taiwan', 'tw', '', 1, '2017-05-31 12:26:30', '1', '192.168.1.254', 'Chrome 49.0.2623.112', '0000-00-00 00:00:00', '', '', ''),
(215, 1, 'Tajikistan', 'tj', '', 1, '2017-05-31 12:26:30', '1', '192.168.1.254', 'Chrome 49.0.2623.112', '0000-00-00 00:00:00', '', '', ''),
(216, 1, 'Tanzania', 'tz', '', 1, '2017-05-31 12:26:30', '1', '192.168.1.254', 'Chrome 49.0.2623.112', '0000-00-00 00:00:00', '', '', ''),
(217, 1, 'Thailand', 'th', '', 1, '2017-05-31 12:26:30', '1', '192.168.1.254', 'Chrome 49.0.2623.112', '0000-00-00 00:00:00', '', '', ''),
(218, 1, 'Togo', 'tg', '', 1, '2017-05-31 12:26:30', '1', '192.168.1.254', 'Chrome 49.0.2623.112', '0000-00-00 00:00:00', '', '', ''),
(219, 1, 'Tokelau', 'tk', '', 1, '2017-05-31 12:26:30', '1', '192.168.1.254', 'Chrome 49.0.2623.112', '0000-00-00 00:00:00', '', '', ''),
(220, 1, 'Tonga', 'to', '', 1, '2017-05-31 12:26:30', '1', '192.168.1.254', 'Chrome 49.0.2623.112', '0000-00-00 00:00:00', '', '', ''),
(221, 1, 'Trinidad and Tobago', 'tt', '', 1, '2017-05-31 12:26:30', '1', '192.168.1.254', 'Chrome 49.0.2623.112', '0000-00-00 00:00:00', '', '', ''),
(222, 1, 'Tunisia', 'tn', '', 1, '2017-05-31 12:26:31', '1', '192.168.1.254', 'Chrome 49.0.2623.112', '0000-00-00 00:00:00', '', '', ''),
(223, 1, 'Turkey', 'tr', '', 1, '2017-05-31 12:26:31', '1', '192.168.1.254', 'Chrome 49.0.2623.112', '0000-00-00 00:00:00', '', '', ''),
(224, 1, 'Turkmenistan', 'tm', '', 1, '2017-05-31 12:26:31', '1', '192.168.1.254', 'Chrome 49.0.2623.112', '0000-00-00 00:00:00', '', '', ''),
(225, 1, 'Turks and Caicos Islands', 'tc', '', 1, '2017-05-31 12:26:31', '1', '192.168.1.254', 'Chrome 49.0.2623.112', '0000-00-00 00:00:00', '', '', ''),
(226, 1, 'Tuvalu', 'tv', '', 1, '2017-05-31 12:26:31', '1', '192.168.1.254', 'Chrome 49.0.2623.112', '0000-00-00 00:00:00', '', '', ''),
(227, 1, 'U.K.', 'uk', '', 1, '2017-05-31 12:26:31', '1', '192.168.1.254', 'Chrome 49.0.2623.112', '0000-00-00 00:00:00', '', '', ''),
(228, 1, 'USA', 'us', '', 1, '2017-05-31 12:26:31', '1', '192.168.1.254', 'Chrome 49.0.2623.112', '0000-00-00 00:00:00', '', '', ''),
(229, 1, 'USA Minor Outlying Islands', 'um', '', 1, '2017-05-31 12:26:31', '1', '192.168.1.254', 'Chrome 49.0.2623.112', '0000-00-00 00:00:00', '', '', ''),
(230, 1, 'Uganda', 'ug', '', 1, '2017-05-31 12:26:31', '1', '192.168.1.254', 'Chrome 49.0.2623.112', '0000-00-00 00:00:00', '', '', ''),
(231, 1, 'Ukraine', 'ua', '', 1, '2017-05-31 12:26:31', '1', '192.168.1.254', 'Chrome 49.0.2623.112', '0000-00-00 00:00:00', '', '', ''),
(232, 1, 'United Arab Emirates', 'ae', '', 1, '2017-05-31 12:26:31', '1', '192.168.1.254', 'Chrome 49.0.2623.112', '0000-00-00 00:00:00', '', '', ''),
(233, 1, 'Uruguay', 'uy', '', 1, '2017-05-31 12:26:31', '1', '192.168.1.254', 'Chrome 49.0.2623.112', '0000-00-00 00:00:00', '', '', ''),
(234, 1, 'Uzbekistan', 'uz', '', 1, '2017-05-31 12:26:31', '1', '192.168.1.254', 'Chrome 49.0.2623.112', '0000-00-00 00:00:00', '', '', ''),
(235, 1, 'Vanuatu', 'vu', '', 1, '2017-05-31 12:26:31', '1', '192.168.1.254', 'Chrome 49.0.2623.112', '0000-00-00 00:00:00', '', '', ''),
(236, 1, 'Vatican', 'va', '', 1, '2017-05-31 12:26:31', '1', '192.168.1.254', 'Chrome 49.0.2623.112', '0000-00-00 00:00:00', '', '', ''),
(237, 1, 'Venezuela', 've', '', 1, '2017-05-31 12:26:31', '1', '192.168.1.254', 'Chrome 49.0.2623.112', '0000-00-00 00:00:00', '', '', ''),
(238, 1, 'Vietnam', 'vn', '', 1, '2017-05-31 12:26:31', '1', '192.168.1.254', 'Chrome 49.0.2623.112', '0000-00-00 00:00:00', '', '', ''),
(239, 1, 'Virgin Islands (British)', 'vg', '', 1, '2017-05-31 12:26:31', '1', '192.168.1.254', 'Chrome 49.0.2623.112', '0000-00-00 00:00:00', '', '', ''),
(240, 1, 'Virgin Islands (USA)', 'vi', '', 1, '2017-05-31 12:26:31', '1', '192.168.1.254', 'Chrome 49.0.2623.112', '0000-00-00 00:00:00', '', '', ''),
(241, 1, 'Wallis and Futuna Islands', 'wf', '', 1, '2017-05-31 12:26:31', '1', '192.168.1.254', 'Chrome 49.0.2623.112', '0000-00-00 00:00:00', '', '', ''),
(242, 1, 'Western Sahara', 'eh', '', 1, '2017-05-31 12:26:31', '1', '192.168.1.254', 'Chrome 49.0.2623.112', '0000-00-00 00:00:00', '', '', ''),
(243, 1, 'Yemen', 'ye', '', 0, '2017-05-31 12:26:31', '1', '192.168.1.254', 'Chrome 49.0.2623.112', '0000-00-00 00:00:00', '', '', ''),
(244, 1, 'Zambia', 'zm', '', 1, '2017-05-31 12:26:31', '1', '192.168.1.254', 'Chrome 49.0.2623.112', '0000-00-00 00:00:00', '', '', ''),
(245, 1, 'Zimbabwe', 'zw', '', 1, '2017-05-31 12:26:31', '1', '192.168.1.254', 'Chrome 49.0.2623.112', '0000-00-00 00:00:00', '', '', ''),
(246, 1, 'japan punit', 'punit test', '149803245520170621.jpg', 0, '2017-06-21 08:07:35', '1', '111.93.42.106', 'Chrome 58.0.3029.110', '0000-00-00 00:00:00', '', '', '');

-- --------------------------------------------------------

--
-- Table structure for table `tbl_role`
--

DROP TABLE IF EXISTS `tbl_role`;
CREATE TABLE IF NOT EXISTS `tbl_role` (
  `id` int(10) NOT NULL AUTO_INCREMENT,
  `user_role` varchar(50) CHARACTER SET utf8 NOT NULL,
  `is_active` enum('1','0') NOT NULL DEFAULT '0',
  `super_admin` int(2) NOT NULL DEFAULT '0',
  `created_date` datetime NOT NULL,
  `created_by` tinyint(2) NOT NULL,
  `created_ip` varchar(50) CHARACTER SET utf8 NOT NULL,
  `create_browser` varchar(50) CHARACTER SET utf8 NOT NULL,
  `modified_date` datetime NOT NULL,
  `modified_by` tinyint(2) NOT NULL,
  `modified_ip` varchar(50) CHARACTER SET utf8 NOT NULL,
  `modified_browser` varchar(50) CHARACTER SET utf8 NOT NULL,
  PRIMARY KEY (`id`)
) ENGINE=InnoDB AUTO_INCREMENT=4 DEFAULT CHARSET=latin1;

--
-- Dumping data for table `tbl_role`
--

INSERT INTO `tbl_role` (`id`, `user_role`, `is_active`, `super_admin`, `created_date`, `created_by`, `created_ip`, `create_browser`, `modified_date`, `modified_by`, `modified_ip`, `modified_browser`) VALUES
(1, 'Super Admin', '1', 1, '2016-12-21 00:00:00', 1, '', '', '0000-00-00 00:00:00', 0, '', ''),
(2, 'Sub Admin', '1', 0, '2016-12-21 00:00:00', 0, '', '', '2016-12-21 00:00:00', 0, '', ''),
(3, 'Customer profiling', '1', 0, '2017-07-17 00:00:00', 0, '', '', '0000-00-00 00:00:00', 0, '', '');

-- --------------------------------------------------------

--
-- Table structure for table `tbl_state`
--

DROP TABLE IF EXISTS `tbl_state`;
CREATE TABLE IF NOT EXISTS `tbl_state` (
  `state_id` int(10) NOT NULL AUTO_INCREMENT,
  `country_id` int(10) NOT NULL,
  `state_name` varchar(50) CHARACTER SET utf8 NOT NULL,
  `is_active` tinyint(3) NOT NULL,
  `created_date` datetime NOT NULL,
  `created_by` tinyint(2) NOT NULL,
  `created_ip` varchar(50) CHARACTER SET utf8 NOT NULL,
  `create_browser` varchar(50) CHARACTER SET utf8 NOT NULL,
  `modified_date` datetime NOT NULL,
  `modified_by` tinyint(2) NOT NULL,
  `modified_ip` varchar(50) CHARACTER SET utf8 NOT NULL,
  `modified_browser` varchar(50) CHARACTER SET utf8 NOT NULL,
  PRIMARY KEY (`state_id`)
) ENGINE=InnoDB AUTO_INCREMENT=17 DEFAULT CHARSET=latin1;

--
-- Dumping data for table `tbl_state`
--

INSERT INTO `tbl_state` (`state_id`, `country_id`, `state_name`, `is_active`, `created_date`, `created_by`, `created_ip`, `create_browser`, `modified_date`, `modified_by`, `modified_ip`, `modified_browser`) VALUES
(4, 3, 'Sendai', 0, '2016-12-22 11:17:14', 1, '192.168.1.254', 'Firefox 50.0', '2016-12-22 16:34:42', 1, '192.168.1.254', 'Firefox 50.0'),
(5, 5, 'Uttar Pradesh', 1, '2016-12-23 16:33:43', 1, '192.168.1.254', 'Firefox 50.0', '0000-00-00 00:00:00', 0, '', ''),
(6, 3, 'test', 0, '2016-12-27 11:30:12', 1, '192.168.1.254', 'Firefox 50.0', '0000-00-00 00:00:00', 0, '', ''),
(7, 3, 'test1', 0, '2016-12-27 11:31:37', 1, '192.168.1.254', 'Firefox 50.0', '0000-00-00 00:00:00', 0, '', ''),
(8, 6, 'Victoria', 0, '2017-01-03 17:03:29', 1, '192.168.1.254', 'Firefox 50.0', '2017-01-10 13:23:20', 1, '192.168.1.254', 'Firefox 50.0'),
(9, 5, 'Delhi', 0, '2017-01-17 17:07:17', 1, '192.168.1.254', 'Firefox 50.0', '0000-00-00 00:00:00', 0, '', ''),
(10, 5, 'Madhya Pradesh', 0, '2017-01-25 09:47:41', 1, '192.168.1.254', 'Firefox 50.0', '0000-00-00 00:00:00', 0, '', ''),
(11, 10, 'Colombo', 0, '2017-02-07 11:38:48', 1, '192.168.1.254', 'Firefox 50.0', '0000-00-00 00:00:00', 0, '', ''),
(12, 3, 'csipl', 0, '2017-03-01 17:43:01', 1, '192.168.1.254', 'Firefox 47.0', '0000-00-00 00:00:00', 0, '', ''),
(13, 3, 'synapse', 0, '2017-03-01 17:43:01', 1, '192.168.1.254', 'Firefox 47.0', '0000-00-00 00:00:00', 0, '', ''),
(14, 5, 'Kannauj', 0, '2017-03-01 17:44:05', 1, '192.168.1.254', 'Firefox 47.0', '2017-03-01 18:05:28', 1, '192.168.1.254', 'Firefox 47.0'),
(15, 10, 'Kandy', 0, '2017-03-23 16:37:09', 1, '192.168.1.254', 'Firefox 50.0', '0000-00-00 00:00:00', 0, '', ''),
(16, 10, 'Moratuwa', 0, '2017-03-26 18:33:17', 1, '192.168.1.254', 'Firefox 50.0', '0000-00-00 00:00:00', 0, '', '');

-- --------------------------------------------------------

--
-- Table structure for table `tbl_testimonial_management`
--

DROP TABLE IF EXISTS `tbl_testimonial_management`;
CREATE TABLE IF NOT EXISTS `tbl_testimonial_management` (
  `id` int(10) NOT NULL AUTO_INCREMENT,
  `name` varchar(50) CHARACTER SET utf8 NOT NULL,
  `title` varchar(150) CHARACTER SET utf8 NOT NULL,
  `designation` varchar(50) CHARACTER SET utf8 NOT NULL,
  `company_name` varchar(50) CHARACTER SET utf8 NOT NULL,
  `image` varchar(50) CHARACTER SET utf8 NOT NULL,
  `user_image` varchar(50) NOT NULL,
  `description` text CHARACTER SET utf8 NOT NULL,
  `publish_date` date NOT NULL,
  `sequence` tinyint(2) NOT NULL,
  `is_active` tinyint(2) NOT NULL,
  `created_date` datetime NOT NULL,
  `created_by` tinyint(2) NOT NULL,
  `created_ip` varchar(50) CHARACTER SET utf8 NOT NULL,
  `create_browser` varchar(50) CHARACTER SET utf8 NOT NULL,
  `modified_date` datetime NOT NULL,
  `modified_by` tinyint(2) NOT NULL,
  `modified_ip` varchar(50) CHARACTER SET utf8 NOT NULL,
  `modified_browser` varchar(50) CHARACTER SET utf8 NOT NULL,
  PRIMARY KEY (`id`)
) ENGINE=InnoDB DEFAULT CHARSET=latin1;

-- --------------------------------------------------------

--
-- Table structure for table `tbl_users`
--

DROP TABLE IF EXISTS `tbl_users`;
CREATE TABLE IF NOT EXISTS `tbl_users` (
  `id` int(10) NOT NULL AUTO_INCREMENT,
  `user_name` varchar(50) CHARACTER SET utf8 NOT NULL,
  `user_email` varchar(50) CHARACTER SET utf8 NOT NULL,
  `first_name` varchar(55) CHARACTER SET utf8 NOT NULL,
  `last_name` varchar(55) CHARACTER SET utf8 NOT NULL,
  `user_mobile` varchar(15) CHARACTER SET utf8 NOT NULL,
  `user_password` varchar(255) CHARACTER SET utf8 NOT NULL,
  `address` varchar(255) NOT NULL,
  `country_id` int(4) NOT NULL,
  `user_role_id` tinyint(3) NOT NULL,
  `user_is_active` tinyint(3) NOT NULL,
  `created_date` datetime NOT NULL,
  `created_by` tinyint(2) NOT NULL,
  `created_ip` varchar(50) CHARACTER SET utf8 NOT NULL,
  `create_browser` varchar(50) CHARACTER SET utf8 NOT NULL,
  `modified_date` datetime NOT NULL,
  `modified_by` tinyint(2) NOT NULL,
  `modified_ip` varchar(50) CHARACTER SET utf8 NOT NULL,
  `modified_browser` varchar(50) CHARACTER SET utf8 NOT NULL,
  PRIMARY KEY (`id`)
) ENGINE=InnoDB AUTO_INCREMENT=5 DEFAULT CHARSET=latin1;

--
-- Dumping data for table `tbl_users`
--

INSERT INTO `tbl_users` (`id`, `user_name`, `user_email`, `first_name`, `last_name`, `user_mobile`, `user_password`, `address`, `country_id`, `user_role_id`, `user_is_active`, `created_date`, `created_by`, `created_ip`, `create_browser`, `modified_date`, `modified_by`, `modified_ip`, `modified_browser`) VALUES
(1, 'admin', 'admin@admin.com', 'Super', 'Admin', '1234567890', '21232f297a57a5a743894a0e4a801fc3', '', 0, 0, 1, '2016-12-15 15:31:32', 1, '192.168.1.67', 'Chrome', '0000-00-00 00:00:00', 0, '', ''),
(2, 'marketing', 'test@gmail.com', 'Customer', 'Profiling', '3424242', '3c840a2e19e47343c88a65be2c3a1fb9', 'test', 3, 3, 1, '2017-05-18 17:01:57', 1, '192.168.1.50', 'Firefox 47.0', '2017-07-17 13:47:57', 1, '111.93.42.106', 'Firefox 47.0'),
(3, 'subadmin', 'subadmin@gmail.com', 'subadmin', '', '9878547854', 'aaa8f796440102bdcb0d2eaabfb1224c', 'cross section.', 5, 2, 1, '2017-05-18 17:15:24', 1, '192.168.1.50', 'Firefox 47.0', '2017-07-17 13:49:01', 1, '111.93.42.106', 'Firefox 47.0'),
(4, 'homesh', 'homesh.pal@csipl.net', '', 'Homesh', '9954877547', 'e10adc3949ba59abbe56e057f20f883e', 'CSIPL', 5, 2, 1, '2017-05-23 10:22:24', 1, '192.168.1.83', 'Chrome 58.0.3029.110', '2017-08-18 10:16:41', 1, '111.93.42.106', 'Firefox 47.0');
COMMIT;

/*!40101 SET CHARACTER_SET_CLIENT=@OLD_CHARACTER_SET_CLIENT */;
/*!40101 SET CHARACTER_SET_RESULTS=@OLD_CHARACTER_SET_RESULTS */;
/*!40101 SET COLLATION_CONNECTION=@OLD_COLLATION_CONNECTION */;
